,28005002,28006004,28007004,28009001,28013002,28014002,28016001,28045002,28047002,28049003,28058004,28065014,28067001,28074007,28080003,28092005,28102001,28123002,28133002,28148004,28161001,28171001,28180001
2018-05-01 01:00:00,20.0,8.0,20.0,10.0,13.0,23.0,2.0,6.0,11.0,57.0,24.0,16.0,6.0,16.0,14.0,37.0,14.0,33.0,3.0,11.0,12.0,2.0,24.0
2018-05-01 02:00:00,33.0,13.0,15.0,5.0,13.0,18.0,2.0,6.0,12.0,35.0,22.0,20.0,5.0,20.0,19.0,40.0,9.0,34.0,2.0,8.0,14.0,1.0,20.0
2018-05-01 03:00:00,22.0,15.0,9.0,4.0,13.0,15.0,2.0,15.0,7.0,39.0,19.0,32.0,7.0,20.0,13.0,35.0,6.0,20.0,2.0,7.0,14.0,1.0,16.0
2018-05-01 04:00:00,25.0,8.0,18.0,3.0,9.0,9.0,2.0,9.0,12.0,34.0,29.0,40.0,6.0,36.0,13.0,43.0,5.0,14.0,2.0,10.0,34.0,1.0,11.0
2018-05-01 05:00:00,18.0,8.0,22.0,4.0,8.0,14.0,2.0,8.0,20.0,32.0,34.0,25.0,8.0,20.0,11.0,29.0,4.0,17.0,2.0,21.0,19.0,2.0,8.0
2018-05-01 06:00:00,27.0,12.0,20.0,4.0,8.0,15.0,2.0,18.0,30.0,33.0,27.0,19.0,13.0,21.0,10.0,29.0,3.0,21.0,3.0,16.0,27.0,2.0,8.0
2018-05-01 07:00:00,25.0,11.0,22.0,5.0,6.0,12.0,2.0,16.0,33.0,31.0,28.0,16.0,9.0,22.0,9.0,29.0,2.0,20.0,4.0,10.0,23.0,3.0,7.0
2018-05-01 08:00:00,18.0,10.0,19.0,3.0,5.0,8.0,1.0,13.0,14.0,29.0,22.0,11.0,4.0,16.0,10.0,18.0,2.0,13.0,5.0,9.0,8.0,4.0,4.0
2018-05-01 09:00:00,9.0,7.0,11.0,4.0,5.0,5.0,1.0,11.0,11.0,29.0,20.0,8.0,3.0,11.0,11.0,13.0,2.0,9.0,5.0,4.0,8.0,6.0,4.0
2018-05-01 10:00:00,7.0,5.0,8.0,3.0,3.0,3.0,2.0,8.0,7.0,30.0,20.0,7.0,4.0,11.0,10.0,8.0,2.0,9.0,4.0,3.0,4.0,6.0,4.0
2018-05-01 11:00:00,6.0,5.0,9.0,3.0,3.0,4.0,2.0,8.0,10.0,26.0,17.0,7.0,3.0,11.0,9.0,10.0,2.0,7.0,4.0,2.0,4.0,6.0,3.0
2018-05-01 12:00:00,5.0,6.0,7.0,3.0,4.0,4.0,3.0,13.0,8.0,24.0,19.0,8.0,2.0,10.0,11.0,8.0,2.0,8.0,5.0,2.0,5.0,5.0,4.0
2018-05-01 13:00:00,5.0,6.0,5.0,4.0,3.0,3.0,2.0,9.0,7.0,23.0,18.0,10.0,3.0,9.0,9.0,7.0,2.0,9.0,5.0,2.0,6.0,4.0,5.0
2018-05-01 14:00:00,4.0,4.0,4.0,4.0,3.0,3.0,2.0,5.0,6.0,23.0,16.0,9.0,2.0,11.0,6.0,5.0,2.0,6.0,2.0,2.0,6.0,4.0,3.0
2018-05-01 15:00:00,5.0,5.0,3.0,4.0,3.0,3.0,2.0,6.0,7.0,23.0,16.0,8.0,2.0,9.0,8.0,4.0,2.0,6.0,3.0,2.0,6.0,3.0,3.0
2018-05-01 16:00:00,6.0,4.0,4.0,4.0,5.0,3.0,2.0,6.0,8.0,22.0,15.0,7.0,2.0,9.0,7.0,4.0,2.0,7.0,3.0,3.0,6.0,3.0,4.0
2018-05-01 17:00:00,7.0,4.0,4.0,5.0,7.0,4.0,3.0,6.0,10.0,22.0,15.0,8.0,2.0,9.0,6.0,4.0,2.0,14.0,2.0,4.0,6.0,2.0,6.0
2018-05-01 18:00:00,7.0,5.0,4.0,5.0,7.0,8.0,2.0,8.0,11.0,25.0,16.0,8.0,3.0,15.0,5.0,6.0,2.0,26.0,3.0,6.0,4.0,2.0,6.0
2018-05-01 19:00:00,18.0,11.0,6.0,9.0,10.0,16.0,2.0,20.0,16.0,27.0,16.0,12.0,4.0,16.0,8.0,10.0,4.0,26.0,5.0,16.0,7.0,2.0,7.0
2018-05-01 20:00:00,35.0,14.0,14.0,12.0,21.0,28.0,2.0,25.0,31.0,33.0,29.0,27.0,4.0,36.0,16.0,28.0,6.0,26.0,11.0,34.0,11.0,3.0,24.0
2018-05-01 21:00:00,23.0,16.0,30.0,11.0,19.0,21.0,3.0,14.0,33.0,39.0,29.0,26.0,4.0,34.0,20.0,42.0,9.0,61.0,12.0,17.0,9.0,3.0,17.0
2018-05-01 22:00:00,31.0,27.0,28.0,10.0,23.0,24.0,4.0,14.0,28.0,41.0,22.0,27.0,6.0,33.0,22.0,30.0,8.0,44.0,15.0,14.0,9.0,3.0,13.0
2018-05-01 23:00:00,55.0,45.0,29.0,10.0,18.0,29.0,3.0,10.0,24.0,49.0,25.0,33.0,5.0,31.0,17.0,37.0,7.0,94.0,7.0,18.0,12.0,3.0,19.0
2018-05-02 00:00:00,59.0,43.0,28.0,9.0,22.0,22.0,3.0,9.0,34.0,56.0,25.0,29.0,4.0,42.0,12.0,63.0,5.0,87.0,7.0,31.0,10.0,21.0,21.0
2018-05-02 01:00:00,35.0,52.0,28.0,7.0,11.0,18.0,2.0,14.0,48.0,67.0,18.0,32.0,4.0,29.0,12.0,35.0,5.0,71.0,7.0,33.0,13.0,4.0,23.0
2018-05-02 02:00:00,23.0,55.0,25.0,7.0,13.0,17.0,2.0,13.0,39.0,61.0,16.0,23.0,4.0,27.0,16.0,43.0,12.0,49.0,5.0,27.0,17.0,3.0,22.0
2018-05-02 03:00:00,24.0,42.0,11.0,10.0,15.0,15.0,2.0,14.0,36.0,47.0,13.0,19.0,5.0,18.0,10.0,34.0,12.0,38.0,5.0,20.0,9.0,3.0,18.0
2018-05-02 04:00:00,32.0,45.0,13.0,11.0,14.0,15.0,2.0,17.0,34.0,39.0,14.0,22.0,5.0,14.0,9.0,47.0,11.0,17.0,6.0,21.0,36.0,3.0,11.0
2018-05-02 05:00:00,35.0,49.0,18.0,22.0,12.0,25.0,3.0,17.0,12.0,38.0,15.0,23.0,8.0,19.0,14.0,27.0,8.0,17.0,7.0,25.0,16.0,3.0,15.0
2018-05-02 06:00:00,43.0,42.0,26.0,24.0,9.0,30.0,3.0,9.0,15.0,48.0,18.0,21.0,8.0,22.0,22.0,36.0,7.0,24.0,8.0,34.0,6.0,3.0,17.0
2018-05-02 07:00:00,37.0,49.0,24.0,28.0,7.0,25.0,3.0,15.0,16.0,56.0,21.0,20.0,7.0,18.0,22.0,34.0,6.0,24.0,12.0,31.0,6.0,2.0,12.0
2018-05-02 08:00:00,31.0,48.0,15.0,20.0,12.0,16.0,3.0,19.0,18.0,48.0,18.0,20.0,6.0,15.0,12.0,17.0,5.0,13.0,5.0,16.0,8.0,4.0,9.0
2018-05-02 09:00:00,14.0,40.0,10.0,22.0,9.0,7.0,3.0,18.0,11.0,42.0,17.0,11.0,9.0,11.0,8.0,10.0,6.0,17.0,5.0,14.0,8.0,3.0,7.0
2018-05-02 10:00:00,12.0,11.0,7.0,33.0,7.0,7.0,3.0,12.0,11.0,31.0,16.0,8.0,8.0,10.0,7.0,6.0,5.0,11.0,4.0,16.0,5.0,4.0,7.0
2018-05-02 11:00:00,11.0,7.0,4.0,17.0,6.0,7.0,3.0,6.0,11.0,24.0,14.0,7.0,7.0,9.0,9.0,6.0,4.0,10.0,4.0,10.0,4.0,4.0,7.0
2018-05-02 12:00:00,10.0,4.0,5.0,7.0,5.0,6.0,2.0,4.0,12.0,21.0,15.0,7.0,5.0,8.0,8.0,5.0,3.0,11.0,5.0,6.0,3.0,4.0,8.0
2018-05-02 13:00:00,11.0,4.0,5.0,6.0,5.0,5.0,2.0,5.0,11.0,22.0,13.0,7.0,3.0,9.0,5.0,5.0,3.0,10.0,4.0,7.0,3.0,3.0,6.0
2018-05-02 14:00:00,7.0,4.0,4.0,6.0,4.0,4.0,2.0,3.0,8.0,20.0,13.0,6.0,2.0,8.0,4.0,4.0,3.0,7.0,3.0,6.0,3.0,4.0,6.0
2018-05-02 15:00:00,7.0,4.0,4.0,6.0,4.0,4.0,2.0,4.0,8.0,20.0,13.0,6.0,3.0,6.0,4.0,4.0,4.0,7.0,3.0,6.0,3.0,3.0,5.0
2018-05-02 16:00:00,7.0,4.0,4.0,6.0,5.0,4.0,2.0,6.0,8.0,20.0,13.0,6.0,3.0,8.0,5.0,7.0,4.0,8.0,4.0,7.0,3.0,3.0,6.0
2018-05-02 17:00:00,9.0,6.0,6.0,5.0,5.0,4.0,2.0,12.0,11.0,22.0,15.0,8.0,3.0,10.0,10.0,6.0,4.0,13.0,3.0,8.0,4.0,3.0,7.0
2018-05-02 18:00:00,17.0,9.0,8.0,6.0,9.0,6.0,2.0,16.0,12.0,27.0,18.0,12.0,4.0,12.0,12.0,9.0,4.0,19.0,3.0,14.0,5.0,3.0,9.0
2018-05-02 19:00:00,22.0,14.0,12.0,10.0,12.0,9.0,2.0,21.0,14.0,34.0,20.0,21.0,4.0,24.0,15.0,17.0,5.0,29.0,4.0,8.0,9.0,3.0,13.0
2018-05-02 20:00:00,35.0,18.0,15.0,11.0,18.0,15.0,2.0,17.0,18.0,50.0,25.0,25.0,6.0,28.0,22.0,16.0,6.0,46.0,6.0,15.0,12.0,5.0,16.0
2018-05-02 21:00:00,22.0,16.0,21.0,7.0,14.0,21.0,2.0,9.0,23.0,50.0,25.0,38.0,5.0,37.0,23.0,18.0,7.0,58.0,7.0,18.0,13.0,5.0,17.0
2018-05-02 22:00:00,18.0,21.0,25.0,7.0,15.0,27.0,3.0,6.0,17.0,40.0,37.0,64.0,4.0,60.0,20.0,50.0,7.0,39.0,5.0,23.0,11.0,3.0,19.0
2018-05-02 23:00:00,17.0,35.0,25.0,6.0,14.0,26.0,3.0,6.0,12.0,53.0,31.0,70.0,4.0,50.0,12.0,49.0,6.0,63.0,3.0,48.0,10.0,3.0,23.0
2018-05-03 00:00:00,30.0,45.0,34.0,7.0,11.0,21.0,2.0,6.0,8.0,53.0,19.0,51.0,3.0,28.0,9.0,39.0,4.0,67.0,3.0,34.0,10.0,3.0,20.0
2018-05-03 01:00:00,27.0,34.0,12.0,5.0,12.0,21.0,2.0,8.0,10.0,57.0,16.0,22.0,3.0,25.0,8.0,28.0,6.0,63.0,2.0,31.0,7.0,3.0,14.0
2018-05-03 02:00:00,19.0,32.0,6.0,4.0,9.0,15.0,2.0,8.0,8.0,55.0,16.0,12.0,4.0,8.0,6.0,21.0,8.0,39.0,2.0,23.0,6.0,3.0,13.0
2018-05-03 03:00:00,25.0,43.0,6.0,6.0,8.0,22.0,3.0,11.0,7.0,57.0,14.0,9.0,2.0,11.0,8.0,19.0,7.0,28.0,2.0,43.0,6.0,5.0,19.0
2018-05-03 04:00:00,48.0,48.0,14.0,8.0,9.0,22.0,3.0,7.0,6.0,61.0,17.0,13.0,3.0,13.0,15.0,32.0,6.0,20.0,2.0,40.0,7.0,5.0,20.0
2018-05-03 05:00:00,55.0,50.0,23.0,14.0,17.0,31.0,3.0,10.0,10.0,61.0,25.0,43.0,4.0,31.0,13.0,33.0,6.0,20.0,2.0,45.0,12.0,2.0,27.0
2018-05-03 06:00:00,54.0,64.0,35.0,11.0,28.0,44.0,3.0,33.0,20.0,69.0,41.0,69.0,10.0,55.0,24.0,46.0,6.0,49.0,2.0,51.0,48.0,2.0,51.0
2018-05-03 07:00:00,50.0,67.0,29.0,13.0,34.0,42.0,2.0,23.0,23.0,69.0,50.0,73.0,15.0,54.0,37.0,37.0,7.0,84.0,2.0,48.0,58.0,4.0,38.0
2018-05-03 08:00:00,41.0,24.0,24.0,8.0,32.0,46.0,1.0,20.0,23.0,68.0,45.0,74.0,6.0,46.0,32.0,25.0,5.0,69.0,2.0,46.0,59.0,3.0,25.0
2018-05-03 09:00:00,18.0,0.2,16.0,5.0,31.0,30.0,1.0,17.0,18.0,48.0,39.0,54.0,3.0,48.0,22.0,15.0,3.0,25.0,2.0,8.0,36.0,2.0,12.0
2018-05-03 10:00:00,11.0,9.0,18.0,3.0,18.0,17.0,1.0,15.0,13.0,38.0,38.0,30.0,3.0,51.0,18.0,14.0,2.0,13.0,3.0,6.0,30.0,2.0,7.0
2018-05-03 11:00:00,17.0,9.0,16.0,3.0,13.0,8.0,2.0,17.0,12.0,35.0,33.0,17.0,2.0,54.0,16.0,15.0,3.0,15.0,3.0,5.0,17.0,2.0,7.0
2018-05-03 12:00:00,18.0,7.0,9.0,3.0,7.0,10.0,2.0,15.0,11.0,22.0,29.0,13.0,3.0,77.0,10.0,10.0,2.0,15.0,3.0,6.0,17.0,2.0,5.0
2018-05-03 13:00:00,16.0,6.0,7.0,4.0,13.0,12.0,2.0,0.1,12.0,31.0,21.0,10.0,2.0,88.0,11.0,9.0,2.0,18.0,2.0,5.0,11.0,2.0,6.0
2018-05-03 14:00:00,14.0,8.0,6.0,4.0,6.0,8.0,2.0,12.0,12.0,34.0,17.0,8.0,3.0,95.0,14.0,6.0,2.0,17.0,2.0,6.0,6.0,2.0,4.0
2018-05-03 15:00:00,17.0,8.0,9.0,4.0,4.0,7.0,2.0,16.0,11.0,34.0,23.0,13.0,3.0,14.0,18.0,10.0,2.0,19.0,3.0,5.0,9.0,2.0,4.0
2018-05-03 16:00:00,19.0,12.0,12.0,4.0,5.0,8.0,2.0,19.0,14.0,33.0,27.0,13.0,2.0,15.0,15.0,14.0,2.0,23.0,2.0,5.0,12.0,2.0,5.0
2018-05-03 17:00:00,24.0,15.0,14.0,5.0,6.0,10.0,2.0,25.0,18.0,36.0,37.0,16.0,3.0,24.0,21.0,14.0,2.0,28.0,3.0,8.0,11.0,2.0,7.0
2018-05-03 18:00:00,30.0,15.0,27.0,6.0,6.0,11.0,2.0,27.0,21.0,44.0,44.0,18.0,4.0,27.0,24.0,18.0,3.0,35.0,3.0,10.0,14.0,2.0,6.0
2018-05-03 19:00:00,30.0,12.0,25.0,7.0,9.0,11.0,3.0,25.0,22.0,34.0,40.0,29.0,4.0,34.0,33.0,19.0,4.0,36.0,3.0,12.0,25.0,2.0,7.0
2018-05-03 20:00:00,25.0,15.0,29.0,8.0,11.0,9.0,3.0,27.0,18.0,34.0,42.0,39.0,5.0,33.0,35.0,22.0,4.0,32.0,4.0,11.0,36.0,2.0,8.0
2018-05-03 21:00:00,21.0,15.0,40.0,7.0,9.0,9.0,3.0,18.0,12.0,37.0,49.0,36.0,6.0,46.0,26.0,24.0,4.0,20.0,3.0,10.0,33.0,3.0,6.0
2018-05-03 22:00:00,11.0,8.0,24.0,6.0,7.0,8.0,2.0,15.0,10.0,32.0,41.0,15.0,7.0,30.0,22.0,27.0,3.0,15.0,3.0,9.0,22.0,2.0,4.0
2018-05-03 23:00:00,24.0,8.0,17.0,4.0,7.0,5.0,2.0,11.0,12.0,27.0,29.0,20.0,3.0,17.0,14.0,16.0,2.0,13.0,2.0,8.0,15.0,3.0,3.0
2018-05-04 00:00:00,15.0,8.0,13.0,4.0,3.0,4.0,2.0,9.0,7.0,25.0,24.0,11.0,5.0,12.0,8.0,14.0,2.0,12.0,2.0,6.0,8.0,2.0,2.0
2018-05-04 01:00:00,6.0,6.0,13.0,3.0,4.0,4.0,2.0,7.0,10.0,19.0,19.0,9.0,5.0,8.0,8.0,11.0,2.0,7.0,2.0,5.0,10.0,2.0,2.0
2018-05-04 02:00:00,6.0,6.0,13.0,5.0,3.0,3.0,2.0,7.0,12.0,22.0,18.0,13.0,4.0,8.0,6.0,15.0,2.0,5.0,2.0,9.0,14.0,2.0,2.0
2018-05-04 03:00:00,10.0,6.0,12.0,3.0,3.0,3.0,2.0,7.0,15.0,24.0,17.0,11.0,5.0,8.0,6.0,12.0,2.0,5.0,2.0,6.0,9.0,2.0,2.0
2018-05-04 04:00:00,12.0,6.0,12.0,3.0,3.0,3.0,2.0,8.0,30.0,33.0,21.0,19.0,5.0,16.0,10.0,18.0,2.0,9.0,2.0,8.0,15.0,1.0,3.0
2018-05-04 05:00:00,21.0,12.0,28.0,6.0,5.0,9.0,1.0,18.0,36.0,50.0,33.0,42.0,7.0,55.0,30.0,38.0,2.0,14.0,2.0,11.0,23.0,1.0,3.0
2018-05-04 06:00:00,31.0,33.0,72.0,7.0,10.0,27.0,2.0,29.0,41.0,68.0,59.0,60.0,9.0,57.0,35.0,64.0,2.0,30.0,2.0,22.0,22.0,2.0,5.0
2018-05-04 07:00:00,30.0,40.0,52.0,7.0,16.0,26.0,2.0,58.0,66.0,70.0,65.0,0.1,33.0,48.0,56.0,63.0,2.0,29.0,2.0,15.0,23.0,2.0,7.0
2018-05-04 08:00:00,19.0,25.0,34.0,5.0,7.0,12.0,2.0,47.0,46.0,52.0,45.0,18.0,13.0,28.0,45.0,48.0,2.0,17.0,3.0,11.0,17.0,2.0,9.0
2018-05-04 09:00:00,16.0,14.0,87.0,3.0,4.0,11.0,2.0,22.0,17.0,44.0,31.0,12.0,8.0,16.0,17.0,20.0,2.0,15.0,2.0,8.0,11.0,2.0,6.0
2018-05-04 10:00:00,13.0,9.0,91.0,3.0,3.0,9.0,0.3,19.0,13.0,42.0,27.0,10.0,6.0,15.0,12.0,17.0,2.0,14.0,3.0,8.0,8.0,2.0,8.0
2018-05-04 11:00:00,13.0,9.0,94.0,4.0,3.0,8.0,1.0,21.0,12.0,38.0,26.0,11.0,4.0,17.0,15.0,17.0,2.0,15.0,2.0,9.0,7.0,3.0,7.0
2018-05-04 12:00:00,12.0,10.0,14.0,4.0,3.0,8.0,1.0,19.0,14.0,37.0,28.0,9.0,4.0,16.0,15.0,15.0,2.0,16.0,2.0,7.0,7.0,5.0,5.0
2018-05-04 13:00:00,12.0,9.0,14.0,4.0,3.0,7.0,1.0,14.0,13.0,36.0,24.0,10.0,3.0,17.0,11.0,15.0,2.0,21.0,3.0,6.0,8.0,5.0,7.0
2018-05-04 14:00:00,12.0,9.0,13.0,4.0,3.0,8.0,1.0,15.0,12.0,33.0,23.0,8.0,4.0,16.0,12.0,13.0,2.0,23.0,3.0,8.0,8.0,4.0,4.0
2018-05-04 15:00:00,10.0,9.0,14.0,5.0,3.0,8.0,1.0,15.0,14.0,31.0,27.0,10.0,5.0,19.0,14.0,14.0,2.0,24.0,2.0,7.0,9.0,4.0,5.0
2018-05-04 16:00:00,12.0,8.0,16.0,4.0,3.0,9.0,2.0,16.0,13.0,31.0,20.0,9.0,4.0,14.0,14.0,15.0,2.0,22.0,2.0,6.0,7.0,4.0,4.0
2018-05-04 17:00:00,12.0,9.0,14.0,4.0,3.0,8.0,2.0,22.0,14.0,29.0,24.0,11.0,4.0,18.0,11.0,16.0,2.0,22.0,3.0,7.0,8.0,4.0,5.0
2018-05-04 18:00:00,14.0,10.0,17.0,6.0,5.0,9.0,2.0,15.0,24.0,38.0,30.0,16.0,5.0,27.0,10.0,15.0,2.0,27.0,4.0,6.0,10.0,4.0,8.0
2018-05-04 19:00:00,22.0,14.0,19.0,6.0,7.0,11.0,2.0,32.0,24.0,39.0,39.0,19.0,5.0,30.0,11.0,19.0,2.0,35.0,5.0,12.0,16.0,4.0,8.0
2018-05-04 20:00:00,54.0,25.0,34.0,7.0,21.0,29.0,2.0,35.0,25.0,60.0,54.0,32.0,7.0,59.0,34.0,42.0,3.0,73.0,6.0,21.0,38.0,5.0,16.0
2018-05-04 21:00:00,61.0,24.0,62.0,7.0,70.0,43.0,3.0,32.0,52.0,62.0,76.0,50.0,16.0,68.0,43.0,70.0,3.0,49.0,5.0,25.0,70.0,7.0,11.0
2018-05-04 22:00:00,22.0,12.0,46.0,5.0,56.0,11.0,2.0,15.0,28.0,45.0,67.0,34.0,22.0,41.0,21.0,71.0,3.0,28.0,4.0,12.0,30.0,6.0,8.0
2018-05-04 23:00:00,15.0,9.0,21.0,4.0,36.0,8.0,2.0,11.0,29.0,31.0,33.0,15.0,10.0,21.0,10.0,20.0,3.0,12.0,4.0,8.0,30.0,3.0,6.0
2018-05-05 00:00:00,9.0,7.0,14.0,4.0,19.0,6.0,2.0,7.0,31.0,26.0,25.0,12.0,7.0,13.0,8.0,15.0,4.0,9.0,4.0,6.0,20.0,5.0,3.0
2018-05-05 01:00:00,12.0,7.0,9.0,4.0,7.0,7.0,3.0,8.0,13.0,21.0,24.0,11.0,9.0,11.0,7.0,9.0,3.0,7.0,4.0,5.0,17.0,4.0,4.0
2018-05-05 02:00:00,14.0,7.0,9.0,4.0,7.0,5.0,3.0,8.0,19.0,20.0,21.0,9.0,7.0,10.0,6.0,11.0,3.0,8.0,4.0,5.0,14.0,4.0,3.0
2018-05-05 03:00:00,16.0,6.0,9.0,4.0,8.0,5.0,2.0,7.0,22.0,21.0,18.0,11.0,6.0,9.0,6.0,12.0,3.0,9.0,4.0,5.0,14.0,4.0,3.0
2018-05-05 04:00:00,18.0,6.0,9.0,4.0,7.0,6.0,2.0,7.0,33.0,23.0,20.0,12.0,5.0,10.0,5.0,10.0,3.0,6.0,3.0,6.0,20.0,4.0,4.0
2018-05-05 05:00:00,17.0,8.0,11.0,5.0,9.0,9.0,2.0,12.0,30.0,31.0,22.0,17.0,5.0,14.0,7.0,11.0,3.0,9.0,3.0,8.0,22.0,4.0,5.0
2018-05-05 06:00:00,23.0,11.0,17.0,6.0,17.0,14.0,3.0,20.0,37.0,33.0,28.0,20.0,12.0,22.0,9.0,19.0,3.0,15.0,6.0,10.0,22.0,4.0,7.0
2018-05-05 07:00:00,33.0,11.0,21.0,8.0,18.0,18.0,3.0,19.0,38.0,38.0,36.0,28.0,8.0,29.0,12.0,27.0,3.0,20.0,11.0,15.0,23.0,4.0,7.0
2018-05-05 08:00:00,26.0,10.0,25.0,7.0,7.0,10.0,2.0,14.0,28.0,39.0,38.0,26.0,9.0,29.0,12.0,26.0,4.0,24.0,7.0,10.0,16.0,5.0,8.0
2018-05-05 09:00:00,23.0,10.0,27.0,6.0,5.0,11.0,2.0,17.0,12.0,34.0,40.0,26.0,6.0,27.0,10.0,24.0,5.0,21.0,6.0,8.0,12.0,6.0,11.0
2018-05-05 10:00:00,19.0,11.0,24.0,5.0,5.0,10.0,2.0,19.0,11.0,35.0,37.0,28.0,5.0,31.0,12.0,26.0,4.0,19.0,5.0,8.0,10.0,6.0,8.0
2018-05-05 11:00:00,18.0,10.0,22.0,4.0,6.0,9.0,2.0,19.0,13.0,38.0,33.0,21.0,4.0,26.0,12.0,24.0,3.0,17.0,4.0,8.0,10.0,5.0,7.0
2018-05-05 12:00:00,11.0,14.0,25.0,5.0,7.0,9.0,2.0,16.0,10.0,34.0,34.0,17.0,4.0,24.0,13.0,21.0,4.0,16.0,4.0,10.0,10.0,5.0,6.0
2018-05-05 13:00:00,11.0,12.0,25.0,5.0,4.0,6.0,2.0,12.0,10.0,28.0,30.0,17.0,4.0,22.0,14.0,19.0,3.0,15.0,4.0,9.0,8.0,5.0,6.0
2018-05-05 14:00:00,9.0,11.0,22.0,4.0,4.0,5.0,2.0,10.0,8.0,29.0,27.0,18.0,3.0,23.0,13.0,13.0,3.0,12.0,3.0,6.0,7.0,5.0,4.0
2018-05-05 15:00:00,10.0,8.0,15.0,4.0,4.0,4.0,2.0,7.0,7.0,21.0,23.0,19.0,3.0,19.0,17.0,10.0,3.0,11.0,3.0,6.0,8.0,5.0,5.0
2018-05-05 16:00:00,7.0,6.0,10.0,3.0,4.0,4.0,2.0,8.0,12.0,20.0,21.0,20.0,3.0,18.0,10.0,10.0,3.0,10.0,3.0,6.0,10.0,5.0,6.0
2018-05-05 17:00:00,7.0,6.0,10.0,4.0,6.0,4.0,2.0,10.0,13.0,21.0,21.0,23.0,3.0,22.0,12.0,9.0,3.0,13.0,4.0,6.0,12.0,5.0,7.0
2018-05-05 18:00:00,12.0,6.0,9.0,6.0,7.0,5.0,2.0,5.0,15.0,24.0,26.0,22.0,4.0,25.0,15.0,11.0,4.0,16.0,6.0,5.0,12.0,4.0,11.0
2018-05-05 19:00:00,11.0,6.0,13.0,7.0,8.0,7.0,2.0,10.0,23.0,32.0,20.0,21.0,7.0,37.0,23.0,9.0,4.0,20.0,8.0,5.0,14.0,5.0,9.0
2018-05-05 20:00:00,12.0,15.0,37.0,12.0,27.0,16.0,2.0,40.0,45.0,44.0,27.0,27.0,20.0,73.0,70.0,37.0,4.0,23.0,10.0,12.0,23.0,7.0,14.0
2018-05-05 21:00:00,10.0,19.0,34.0,11.0,21.0,8.0,2.0,32.0,40.0,51.0,32.0,48.0,11.0,52.0,37.0,35.0,3.0,17.0,6.0,12.0,17.0,7.0,7.0
2018-05-05 22:00:00,7.0,11.0,17.0,6.0,5.0,6.0,3.0,16.0,38.0,32.0,23.0,11.0,6.0,18.0,16.0,28.0,3.0,7.0,4.0,4.0,11.0,5.0,8.0
2018-05-05 23:00:00,7.0,11.0,8.0,6.0,5.0,8.0,2.0,14.0,13.0,25.0,15.0,8.0,5.0,10.0,8.0,7.0,4.0,10.0,5.0,5.0,10.0,6.0,7.0
2018-05-06 00:00:00,6.0,16.0,9.0,6.0,4.0,7.0,3.0,13.0,13.0,25.0,16.0,8.0,5.0,11.0,14.0,8.0,4.0,8.0,4.0,7.0,11.0,5.0,15.0
2018-05-06 01:00:00,6.0,16.0,13.0,6.0,4.0,7.0,2.0,12.0,11.0,22.0,23.0,12.0,6.0,15.0,16.0,15.0,4.0,11.0,4.0,5.0,12.0,5.0,9.0
2018-05-06 02:00:00,8.0,11.0,15.0,5.0,4.0,5.0,2.0,14.0,13.0,24.0,21.0,12.0,6.0,15.0,15.0,22.0,4.0,9.0,5.0,6.0,14.0,5.0,4.0
2018-05-06 03:00:00,10.0,9.0,11.0,5.0,4.0,5.0,2.0,7.0,11.0,23.0,20.0,11.0,5.0,16.0,11.0,19.0,3.0,6.0,6.0,6.0,15.0,5.0,5.0
2018-05-06 04:00:00,12.0,9.0,12.0,5.0,4.0,8.0,2.0,8.0,10.0,24.0,22.0,13.0,4.0,14.0,10.0,15.0,3.0,9.0,5.0,10.0,15.0,6.0,5.0
2018-05-06 05:00:00,15.0,14.0,12.0,5.0,5.0,9.0,2.0,11.0,14.0,38.0,22.0,15.0,5.0,18.0,15.0,18.0,3.0,14.0,5.0,11.0,16.0,7.0,6.0
2018-05-06 06:00:00,19.0,12.0,20.0,9.0,8.0,14.0,2.0,13.0,32.0,45.0,30.0,18.0,6.0,31.0,15.0,20.0,3.0,19.0,8.0,15.0,19.0,7.0,9.0
2018-05-06 07:00:00,23.0,12.0,23.0,7.0,8.0,16.0,2.0,14.0,19.0,41.0,33.0,26.0,7.0,33.0,15.0,19.0,3.0,16.0,11.0,19.0,16.0,7.0,8.0
2018-05-06 08:00:00,27.0,9.0,18.0,5.0,6.0,8.0,2.0,11.0,9.0,34.0,25.0,19.0,5.0,20.0,15.0,17.0,3.0,13.0,6.0,19.0,8.0,8.0,6.0
2018-05-06 09:00:00,19.0,8.0,10.0,4.0,5.0,7.0,2.0,9.0,6.0,30.0,21.0,9.0,4.0,13.0,15.0,11.0,3.0,10.0,5.0,11.0,8.0,8.0,6.0
2018-05-06 10:00:00,9.0,6.0,8.0,4.0,4.0,5.0,2.0,9.0,6.0,28.0,18.0,9.0,3.0,12.0,12.0,9.0,3.0,6.0,4.0,6.0,5.0,8.0,6.0
2018-05-06 11:00:00,6.0,9.0,5.0,5.0,4.0,6.0,2.0,9.0,6.0,26.0,14.0,8.0,3.0,9.0,12.0,7.0,3.0,6.0,6.0,5.0,7.0,5.0,6.0
2018-05-06 12:00:00,11.0,14.0,6.0,4.0,4.0,5.0,2.0,10.0,9.0,31.0,14.0,6.0,3.0,10.0,12.0,8.0,3.0,8.0,4.0,4.0,7.0,5.0,4.0
2018-05-06 13:00:00,8.0,10.0,7.0,5.0,4.0,4.0,2.0,14.0,7.0,35.0,19.0,8.0,4.0,9.0,14.0,8.0,3.0,6.0,5.0,4.0,6.0,5.0,5.0
2018-05-06 14:00:00,8.0,7.0,6.0,4.0,3.0,3.0,2.0,10.0,6.0,26.0,16.0,7.0,4.0,8.0,11.0,6.0,3.0,4.0,3.0,4.0,5.0,5.0,4.0
2018-05-06 15:00:00,6.0,6.0,5.0,4.0,3.0,3.0,3.0,9.0,8.0,18.0,13.0,5.0,3.0,8.0,9.0,5.0,3.0,5.0,3.0,3.0,5.0,5.0,4.0
2018-05-06 16:00:00,7.0,6.0,4.0,6.0,3.0,3.0,2.0,9.0,7.0,17.0,15.0,6.0,3.0,8.0,11.0,6.0,3.0,8.0,4.0,4.0,4.0,5.0,4.0
2018-05-06 17:00:00,12.0,7.0,5.0,8.0,3.0,4.0,2.0,8.0,9.0,21.0,12.0,8.0,3.0,9.0,9.0,8.0,2.0,12.0,5.0,5.0,4.0,5.0,6.0
2018-05-06 18:00:00,25.0,9.0,5.0,7.0,4.0,6.0,2.0,10.0,11.0,28.0,16.0,10.0,4.0,11.0,10.0,7.0,3.0,14.0,4.0,12.0,6.0,5.0,10.0
2018-05-06 19:00:00,14.0,19.0,8.0,10.0,6.0,8.0,2.0,20.0,13.0,38.0,16.0,16.0,7.0,17.0,16.0,9.0,3.0,14.0,9.0,19.0,10.0,5.0,8.0
2018-05-06 20:00:00,14.0,31.0,13.0,13.0,6.0,9.0,3.0,47.0,21.0,31.0,22.0,21.0,17.0,20.0,15.0,13.0,3.0,12.0,18.0,7.0,16.0,7.0,27.0
2018-05-06 21:00:00,15.0,25.0,14.0,10.0,6.0,8.0,2.0,27.0,37.0,40.0,21.0,19.0,19.0,21.0,15.0,11.0,3.0,13.0,12.0,10.0,20.0,11.0,18.0
2018-05-06 22:00:00,11.0,15.0,17.0,7.0,5.0,6.0,2.0,13.0,29.0,31.0,28.0,15.0,8.0,23.0,16.0,15.0,2.0,21.0,14.0,13.0,17.0,7.0,6.0
2018-05-06 23:00:00,8.0,15.0,9.0,8.0,5.0,12.0,2.0,10.0,12.0,28.0,18.0,13.0,7.0,20.0,10.0,10.0,3.0,21.0,8.0,14.0,17.0,7.0,4.0
2018-05-07 00:00:00,14.0,13.0,13.0,8.0,5.0,13.0,2.0,6.0,17.0,44.0,18.0,21.0,6.0,25.0,18.0,15.0,2.0,18.0,7.0,14.0,15.0,4.0,6.0
2018-05-07 01:00:00,16.0,22.0,16.0,6.0,5.0,9.0,2.0,7.0,22.0,42.0,23.0,28.0,5.0,23.0,18.0,16.0,2.0,21.0,6.0,12.0,22.0,4.0,4.0
2018-05-07 02:00:00,11.0,17.0,14.0,4.0,6.0,9.0,2.0,7.0,15.0,29.0,28.0,35.0,6.0,21.0,14.0,17.0,2.0,10.0,7.0,12.0,18.0,4.0,4.0
2018-05-07 03:00:00,19.0,15.0,24.0,5.0,5.0,6.0,3.0,6.0,19.0,27.0,40.0,31.0,5.0,39.0,12.0,21.0,2.0,12.0,6.0,14.0,21.0,4.0,3.0
2018-05-07 04:00:00,25.0,13.0,33.0,5.0,6.0,9.0,4.0,16.0,15.0,36.0,32.0,49.0,4.0,43.0,13.0,26.0,2.0,20.0,8.0,12.0,22.0,5.0,3.0
2018-05-07 05:00:00,41.0,28.0,41.0,10.0,7.0,25.0,4.0,21.0,33.0,39.0,48.0,60.0,7.0,48.0,20.0,40.0,3.0,32.0,9.0,15.0,48.0,5.0,14.0
2018-05-07 06:00:00,50.0,35.0,60.0,14.0,11.0,36.0,4.0,38.0,59.0,54.0,76.0,74.0,10.0,58.0,60.0,68.0,3.0,57.0,17.0,32.0,56.0,5.0,18.0
2018-05-07 07:00:00,43.0,44.0,61.0,18.0,13.0,39.0,4.0,57.0,61.0,61.0,82.0,63.0,17.0,72.0,55.0,65.0,3.0,58.0,21.0,13.0,50.0,5.0,22.0
2018-05-07 08:00:00,49.0,40.0,59.0,31.0,9.0,39.0,4.0,45.0,63.0,66.0,78.0,71.0,28.0,64.0,46.0,61.0,5.0,53.0,12.0,1.0,19.0,6.0,10.0
2018-05-07 09:00:00,48.0,30.0,52.0,44.0,6.0,35.0,3.0,34.0,57.0,58.0,9.0,60.0,26.0,67.0,33.0,47.0,3.0,57.0,7.0,33.0,16.0,7.0,13.0
2018-05-07 10:00:00,35.0,21.0,72.0,13.0,8.0,40.0,2.0,38.0,33.0,55.0,65.0,61.0,12.0,71.0,43.0,57.0,5.0,48.0,8.0,26.0,13.0,90.0,8.0
2018-05-07 11:00:00,23.0,17.0,74.0,7.0,10.0,87.0,2.0,30.0,31.0,56.0,69.0,64.0,7.0,80.0,32.0,58.0,4.0,43.0,7.0,15.0,20.0,73.0,8.0
2018-05-07 12:00:00,18.0,12.0,56.0,6.0,7.0,87.0,2.0,25.0,19.0,44.0,79.0,52.0,5.0,71.0,18.0,56.0,5.0,41.0,6.0,9.0,27.0,7.0,7.0
2018-05-07 13:00:00,16.0,8.0,39.0,6.0,15.0,17.0,1.0,19.0,16.0,0.1,57.0,35.0,5.0,52.0,13.0,32.0,2.0,33.0,90.0,7.0,0.1,8.0,8.0
2018-05-07 14:00:00,14.0,8.0,26.0,4.0,12.0,12.0,2.0,13.0,13.0,0.1,43.0,26.0,2.0,29.0,12.0,24.0,2.0,23.0,98.0,5.0,14.0,8.0,4.0
2018-05-07 15:00:00,14.0,11.0,19.0,5.0,5.0,8.0,2.0,17.0,15.0,26.0,28.0,24.0,3.0,24.0,16.0,22.0,2.0,23.0,5.0,7.0,9.0,6.0,5.0
2018-05-07 16:00:00,13.0,11.0,15.0,4.0,6.0,9.0,2.0,11.0,23.0,28.0,30.0,18.0,3.0,19.0,18.0,15.0,2.0,22.0,4.0,6.0,8.0,6.0,6.0
2018-05-07 17:00:00,10.0,10.0,15.0,4.0,11.0,16.0,2.0,13.0,19.0,31.0,28.0,17.0,3.0,20.0,12.0,15.0,2.0,22.0,5.0,6.0,11.0,5.0,9.0
2018-05-07 18:00:00,16.0,12.0,18.0,6.0,14.0,8.0,2.0,17.0,20.0,29.0,39.0,21.0,5.0,27.0,21.0,16.0,2.0,20.0,8.0,6.0,21.0,5.0,8.0
2018-05-07 19:00:00,18.0,19.0,22.0,8.0,27.0,14.0,3.0,39.0,36.0,34.0,27.0,25.0,8.0,31.0,29.0,23.0,2.0,21.0,6.0,9.0,12.0,4.0,15.0
2018-05-07 20:00:00,59.0,24.0,26.0,18.0,30.0,16.0,3.0,19.0,58.0,61.0,43.0,29.0,7.0,38.0,27.0,26.0,3.0,49.0,14.0,30.0,32.0,4.0,19.0
2018-05-07 21:00:00,61.0,10.0,31.0,9.0,20.0,25.0,3.0,17.0,20.0,71.0,39.0,50.0,5.0,46.0,24.0,24.0,3.0,60.0,5.0,40.0,33.0,5.0,8.0
2018-05-07 22:00:00,44.0,9.0,16.0,6.0,20.0,17.0,3.0,9.0,40.0,43.0,30.0,27.0,5.0,23.0,12.0,15.0,5.0,35.0,5.0,15.0,40.0,7.0,4.0
2018-05-07 23:00:00,34.0,8.0,10.0,5.0,16.0,21.0,2.0,6.0,37.0,30.0,23.0,30.0,4.0,21.0,9.0,11.0,6.0,16.0,4.0,11.0,39.0,7.0,5.0
2018-05-08 00:00:00,22.0,9.0,9.0,5.0,19.0,17.0,3.0,5.0,29.0,35.0,26.0,37.0,6.0,23.0,15.0,12.0,5.0,20.0,2.0,13.0,32.0,6.0,5.0
2018-05-08 01:00:00,25.0,11.0,11.0,4.0,13.0,19.0,2.0,6.0,28.0,37.0,43.0,40.0,4.0,26.0,10.0,17.0,4.0,19.0,2.0,23.0,35.0,5.0,9.0
2018-05-08 02:00:00,28.0,16.0,17.0,4.0,13.0,15.0,2.0,6.0,29.0,44.0,35.0,36.0,5.0,40.0,8.0,24.0,4.0,24.0,2.0,20.0,26.0,5.0,6.0
2018-05-08 03:00:00,14.0,9.0,27.0,7.0,9.0,16.0,2.0,7.0,25.0,30.0,40.0,38.0,4.0,43.0,13.0,20.0,3.0,31.0,2.0,12.0,21.0,5.0,3.0
2018-05-08 04:00:00,30.0,24.0,28.0,9.0,10.0,16.0,2.0,14.0,34.0,33.0,39.0,46.0,7.0,39.0,23.0,21.0,3.0,38.0,2.0,15.0,23.0,4.0,4.0
2018-05-08 05:00:00,35.0,30.0,41.0,13.0,11.0,25.0,2.0,31.0,33.0,49.0,58.0,55.0,10.0,44.0,40.0,31.0,2.0,33.0,3.0,28.0,31.0,4.0,20.0
2018-05-08 06:00:00,39.0,43.0,65.0,15.0,12.0,33.0,3.0,68.0,59.0,57.0,72.0,64.0,11.0,61.0,64.0,57.0,2.0,49.0,3.0,38.0,45.0,7.0,32.0
2018-05-08 07:00:00,44.0,52.0,73.0,16.0,11.0,34.0,3.0,76.0,66.0,61.0,79.0,67.0,14.0,77.0,61.0,76.0,1.0,53.0,7.0,39.0,57.0,6.0,31.0
2018-05-08 08:00:00,52.0,54.0,65.0,13.0,11.0,38.0,3.0,71.0,70.0,52.0,82.0,75.0,22.0,76.0,46.0,68.0,1.0,57.0,5.0,38.0,56.0,7.0,23.0
2018-05-08 09:00:00,45.0,44.0,62.0,8.0,29.0,28.0,3.0,55.0,47.0,57.0,80.0,81.0,11.0,68.0,35.0,60.0,4.0,38.0,4.0,34.0,40.0,6.0,18.0
2018-05-08 10:00:00,34.0,32.0,51.0,13.0,55.0,29.0,2.0,23.0,14.0,56.0,64.0,67.0,4.0,69.0,26.0,48.0,4.0,23.0,4.0,24.0,31.0,6.0,15.0
2018-05-08 11:00:00,28.0,29.0,26.0,9.0,6.0,22.0,2.0,10.0,86.0,55.0,68.0,44.0,5.0,67.0,16.0,31.0,4.0,17.0,3.0,25.0,0.1,5.0,94.0
2018-05-08 12:00:00,22.0,0.2,18.0,6.0,4.0,16.0,2.0,10.0,93.0,45.0,45.0,31.0,6.0,46.0,14.0,23.0,3.0,12.0,3.0,23.0,0.1,4.0,1.0
2018-05-08 13:00:00,14.0,14.0,18.0,7.0,5.0,7.0,2.0,10.0,101.0,37.0,34.0,20.0,5.0,31.0,17.0,17.0,3.0,14.0,4.0,14.0,17.0,4.0,8.0
2018-05-08 14:00:00,13.0,12.0,15.0,8.0,5.0,8.0,2.0,9.0,18.0,29.0,28.0,25.0,5.0,25.0,16.0,12.0,4.0,15.0,8.0,14.0,9.0,5.0,6.0
2018-05-08 15:00:00,14.0,16.0,8.0,9.0,5.0,9.0,2.0,15.0,9.0,36.0,18.0,23.0,6.0,27.0,18.0,11.0,3.0,34.0,5.0,17.0,17.0,4.0,11.0
2018-05-08 16:00:00,36.0,22.0,11.0,7.0,7.0,22.0,2.0,22.0,17.0,47.0,31.0,35.0,10.0,39.0,31.0,14.0,4.0,44.0,5.0,26.0,27.0,5.0,8.0
2018-05-08 17:00:00,26.0,16.0,19.0,6.0,19.0,26.0,2.0,12.0,30.0,50.0,52.0,47.0,6.0,53.0,17.0,13.0,4.0,41.0,5.0,23.0,38.0,4.0,14.0
2018-05-08 18:00:00,24.0,17.0,35.0,10.0,32.0,17.0,2.0,33.0,22.0,59.0,63.0,43.0,12.0,50.0,13.0,29.0,3.0,22.0,8.0,20.0,30.0,4.0,12.0
2018-05-08 19:00:00,61.0,31.0,49.0,11.0,24.0,13.0,2.0,22.0,28.0,57.0,65.0,43.0,8.0,62.0,26.0,46.0,3.0,32.0,8.0,31.0,49.0,5.0,13.0
2018-05-08 20:00:00,54.0,70.0,26.0,28.0,23.0,24.0,2.0,59.0,49.0,45.0,51.0,33.0,19.0,41.0,26.0,25.0,4.0,37.0,8.0,41.0,47.0,6.0,50.0
2018-05-08 21:00:00,66.0,64.0,50.0,37.0,27.0,29.0,2.0,53.0,79.0,81.0,43.0,45.0,19.0,65.0,62.0,50.0,6.0,86.0,9.0,42.0,22.0,9.0,47.0
2018-05-08 22:00:00,58.0,44.0,60.0,13.0,20.0,41.0,2.0,21.0,61.0,94.0,66.0,94.0,6.0,88.0,64.0,51.0,10.0,59.0,10.0,57.0,59.0,14.0,48.0
2018-05-08 23:00:00,47.0,17.0,36.0,4.0,13.0,25.0,2.0,9.0,23.0,72.0,70.0,93.0,8.0,71.0,42.0,58.0,5.0,72.0,6.0,23.0,48.0,8.0,15.0
2018-05-09 00:00:00,34.0,8.0,29.0,4.0,11.0,22.0,2.0,5.0,16.0,34.0,77.0,83.0,7.0,68.0,16.0,38.0,4.0,59.0,4.0,11.0,49.0,8.0,32.0
2018-05-09 01:00:00,17.0,10.0,20.0,4.0,10.0,21.0,2.0,7.0,17.0,25.0,62.0,50.0,4.0,44.0,8.0,25.0,3.0,16.0,4.0,9.0,56.0,7.0,26.0
2018-05-09 02:00:00,17.0,7.0,11.0,5.0,10.0,8.0,2.0,5.0,18.0,31.0,33.0,22.0,4.0,23.0,7.0,14.0,3.0,11.0,4.0,8.0,56.0,7.0,6.0
2018-05-09 03:00:00,15.0,5.0,10.0,5.0,8.0,12.0,3.0,6.0,20.0,25.0,24.0,18.0,4.0,17.0,6.0,12.0,3.0,9.0,3.0,6.0,25.0,7.0,3.0
2018-05-09 04:00:00,24.0,7.0,9.0,5.0,8.0,15.0,3.0,12.0,30.0,28.0,24.0,16.0,4.0,21.0,6.0,12.0,3.0,7.0,4.0,8.0,23.0,6.0,3.0
2018-05-09 05:00:00,31.0,12.0,22.0,6.0,11.0,20.0,3.0,34.0,45.0,42.0,38.0,31.0,7.0,57.0,11.0,27.0,3.0,18.0,5.0,15.0,30.0,5.0,9.0
2018-05-09 06:00:00,32.0,32.0,38.0,10.0,12.0,32.0,4.0,65.0,59.0,61.0,70.0,0.1,13.0,69.0,23.0,51.0,5.0,50.0,10.0,33.0,46.0,5.0,17.0
2018-05-09 07:00:00,50.0,38.0,53.0,17.0,15.0,32.0,3.0,67.0,61.0,71.0,73.0,78.0,17.0,71.0,32.0,63.0,3.0,54.0,19.0,51.0,41.0,5.0,16.0
2018-05-09 08:00:00,45.0,25.0,61.0,10.0,10.0,32.0,2.0,43.0,37.0,62.0,70.0,52.0,10.0,27.0,45.0,63.0,4.0,56.0,19.0,35.0,29.0,5.0,9.0
2018-05-09 09:00:00,40.0,21.0,61.0,5.0,9.0,20.0,2.0,21.0,21.0,52.0,61.0,52.0,7.0,29.0,42.0,45.0,3.0,39.0,11.0,25.0,23.0,5.0,7.0
2018-05-09 10:00:00,35.0,15.0,55.0,5.0,12.0,21.0,2.0,14.0,12.0,49.0,54.0,32.0,6.0,42.0,40.0,40.0,4.0,24.0,6.0,28.0,21.0,5.0,6.0
2018-05-09 11:00:00,25.0,22.0,42.0,6.0,12.0,18.0,2.0,12.0,11.0,38.0,49.0,29.0,5.0,40.0,37.0,31.0,3.0,28.0,4.0,29.0,17.0,6.0,6.0
2018-05-09 12:00:00,22.0,20.0,23.0,9.0,8.0,13.0,2.0,13.0,12.0,41.0,28.0,37.0,5.0,31.0,76.0,20.0,3.0,27.0,6.0,28.0,14.0,6.0,6.0
2018-05-09 13:00:00,20.0,20.0,10.0,18.0,9.0,14.0,2.0,15.0,15.0,52.0,17.0,19.0,6.0,21.0,10.0,8.0,5.0,36.0,4.0,27.0,13.0,6.0,8.0
2018-05-09 14:00:00,30.0,12.0,6.0,19.0,9.0,19.0,2.0,12.0,12.0,41.0,15.0,11.0,5.0,12.0,12.0,7.0,8.0,25.0,3.0,42.0,6.0,6.0,9.0
2018-05-09 15:00:00,34.0,10.0,7.0,16.0,8.0,21.0,2.0,10.0,13.0,34.0,13.0,10.0,4.0,14.0,10.0,8.0,19.0,20.0,5.0,29.0,8.0,5.0,13.0
2018-05-09 16:00:00,20.0,14.0,9.0,11.0,9.0,18.0,2.0,7.0,16.0,24.0,15.0,13.0,3.0,15.0,17.0,10.0,12.0,21.0,4.0,15.0,8.0,5.0,11.0
2018-05-09 17:00:00,21.0,15.0,11.0,8.0,10.0,16.0,2.0,6.0,17.0,26.0,14.0,13.0,4.0,15.0,26.0,14.0,8.0,24.0,5.0,20.0,7.0,5.0,10.0
2018-05-09 18:00:00,23.0,21.0,13.0,9.0,12.0,12.0,2.0,8.0,20.0,30.0,18.0,18.0,4.0,23.0,34.0,13.0,6.0,18.0,5.0,21.0,8.0,4.0,12.0
2018-05-09 19:00:00,18.0,32.0,22.0,10.0,14.0,15.0,2.0,9.0,28.0,40.0,22.0,30.0,4.0,44.0,31.0,12.0,5.0,21.0,8.0,17.0,8.0,4.0,16.0
2018-05-09 20:00:00,42.0,14.0,41.0,10.0,12.0,20.0,2.0,9.0,41.0,47.0,20.0,30.0,4.0,44.0,36.0,21.0,6.0,44.0,7.0,30.0,8.0,4.0,18.0
2018-05-09 21:00:00,39.0,19.0,36.0,9.0,12.0,28.0,3.0,18.0,54.0,56.0,18.0,36.0,5.0,46.0,14.0,25.0,10.0,43.0,5.0,34.0,8.0,5.0,10.0
2018-05-09 22:00:00,32.0,36.0,22.0,6.0,17.0,34.0,2.0,16.0,14.0,68.0,15.0,33.0,4.0,29.0,11.0,22.0,7.0,61.0,4.0,23.0,7.0,4.0,14.0
2018-05-09 23:00:00,55.0,44.0,12.0,7.0,16.0,34.0,2.0,13.0,8.0,72.0,15.0,18.0,4.0,14.0,10.0,12.0,6.0,77.0,2.0,28.0,8.0,5.0,19.0
2018-05-10 00:00:00,30.0,42.0,10.0,6.0,11.0,21.0,2.0,8.0,6.0,56.0,12.0,11.0,4.0,16.0,9.0,9.0,5.0,45.0,3.0,18.0,6.0,5.0,11.0
2018-05-10 01:00:00,19.0,14.0,10.0,4.0,10.0,12.0,2.0,7.0,5.0,40.0,12.0,12.0,4.0,14.0,6.0,10.0,5.0,51.0,3.0,16.0,5.0,5.0,12.0
2018-05-10 02:00:00,17.0,6.0,9.0,4.0,8.0,11.0,2.0,5.0,5.0,40.0,12.0,7.0,4.0,8.0,6.0,12.0,3.0,11.0,2.0,14.0,4.0,4.0,16.0
2018-05-10 03:00:00,10.0,5.0,9.0,4.0,7.0,14.0,3.0,4.0,5.0,28.0,14.0,13.0,3.0,14.0,8.0,9.0,3.0,9.0,3.0,7.0,5.0,4.0,13.0
2018-05-10 04:00:00,17.0,5.0,9.0,4.0,7.0,8.0,3.0,5.0,6.0,36.0,22.0,15.0,3.0,10.0,7.0,10.0,3.0,7.0,3.0,6.0,15.0,5.0,6.0
2018-05-10 05:00:00,23.0,7.0,17.0,3.0,12.0,14.0,2.0,6.0,10.0,36.0,31.0,21.0,4.0,17.0,9.0,15.0,3.0,15.0,3.0,9.0,17.0,3.0,5.0
2018-05-10 06:00:00,34.0,14.0,32.0,4.0,14.0,18.0,2.0,18.0,25.0,51.0,41.0,26.0,7.0,30.0,16.0,27.0,3.0,27.0,4.0,17.0,23.0,4.0,7.0
2018-05-10 07:00:00,34.0,19.0,33.0,5.0,12.0,20.0,2.0,25.0,30.0,52.0,49.0,28.0,16.0,31.0,25.0,34.0,2.0,35.0,5.0,20.0,24.0,4.0,15.0
2018-05-10 08:00:00,28.0,15.0,35.0,5.0,9.0,14.0,2.0,21.0,21.0,44.0,49.0,27.0,7.0,33.0,19.0,33.0,2.0,33.0,5.0,16.0,27.0,5.0,15.0
2018-05-10 09:00:00,45.0,13.0,67.0,4.0,6.0,11.0,2.0,19.0,12.0,39.0,40.0,19.0,5.0,23.0,14.0,26.0,2.0,24.0,3.0,14.0,19.0,7.0,9.0
2018-05-10 10:00:00,15.0,8.0,71.0,3.0,4.0,9.0,0.2,16.0,10.0,35.0,33.0,11.0,5.0,17.0,15.0,21.0,2.0,20.0,3.0,13.0,12.0,6.0,7.0
2018-05-10 11:00:00,14.0,8.0,76.0,4.0,3.0,9.0,2.0,15.0,8.0,32.0,30.0,11.0,4.0,17.0,10.0,16.0,2.0,17.0,3.0,10.0,10.0,5.0,7.0
2018-05-10 12:00:00,14.0,8.0,80.0,4.0,3.0,9.0,2.0,14.0,7.0,33.0,27.0,9.0,86.0,18.0,10.0,85.0,2.0,16.0,3.0,7.0,8.0,5.0,5.0
2018-05-10 13:00:00,14.0,7.0,5.0,3.0,4.0,7.0,2.0,12.0,9.0,36.0,24.0,10.0,95.0,16.0,16.0,89.0,2.0,18.0,3.0,6.0,8.0,5.0,6.0
2018-05-10 14:00:00,11.0,6.0,17.0,3.0,3.0,7.0,2.0,13.0,8.0,28.0,22.0,11.0,3.0,15.0,14.0,15.0,2.0,17.0,4.0,5.0,7.0,5.0,5.0
2018-05-10 15:00:00,10.0,8.0,15.0,4.0,3.0,9.0,2.0,14.0,7.0,25.0,23.0,13.0,3.0,15.0,11.0,18.0,2.0,19.0,4.0,7.0,9.0,5.0,5.0
2018-05-10 16:00:00,11.0,9.0,13.0,5.0,5.0,8.0,2.0,20.0,9.0,27.0,21.0,17.0,3.0,18.0,12.0,12.0,2.0,19.0,6.0,6.0,15.0,4.0,6.0
2018-05-10 17:00:00,13.0,10.0,14.0,5.0,5.0,11.0,2.0,22.0,13.0,30.0,26.0,17.0,3.0,19.0,12.0,10.0,3.0,33.0,5.0,5.0,12.0,4.0,8.0
2018-05-10 18:00:00,23.0,11.0,16.0,5.0,7.0,11.0,2.0,22.0,17.0,40.0,37.0,27.0,4.0,21.0,11.0,10.0,4.0,36.0,4.0,6.0,19.0,4.0,12.0
2018-05-10 19:00:00,25.0,14.0,16.0,7.0,11.0,8.0,2.0,14.0,26.0,49.0,41.0,26.0,6.0,39.0,13.0,13.0,4.0,31.0,9.0,6.0,31.0,5.0,11.0
2018-05-10 20:00:00,54.0,27.0,39.0,10.0,19.0,29.0,3.0,43.0,46.0,74.0,68.0,33.0,17.0,54.0,34.0,37.0,4.0,38.0,10.0,23.0,65.0,8.0,31.0
2018-05-10 21:00:00,49.0,46.0,41.0,7.0,21.0,49.0,2.0,36.0,45.0,87.0,90.0,32.0,17.0,63.0,31.0,40.0,4.0,42.0,8.0,43.0,56.0,10.0,44.0
2018-05-10 22:00:00,31.0,69.0,51.0,10.0,16.0,37.0,2.0,37.0,38.0,101.0,92.0,40.0,7.0,93.0,52.0,55.0,4.0,85.0,6.0,33.0,57.0,12.0,15.0
2018-05-10 23:00:00,24.0,25.0,51.0,7.0,7.0,11.0,2.0,23.0,43.0,79.0,68.0,56.0,7.0,77.0,78.0,79.0,4.0,42.0,5.0,22.0,32.0,9.0,7.0
2018-05-11 00:00:00,7.0,17.0,46.0,6.0,5.0,6.0,2.0,6.0,23.0,32.0,27.0,14.0,5.0,19.0,33.0,34.0,4.0,9.0,5.0,10.0,17.0,6.0,23.0
2018-05-11 01:00:00,6.0,14.0,20.0,5.0,6.0,10.0,2.0,5.0,19.0,30.0,22.0,16.0,5.0,15.0,23.0,13.0,4.0,19.0,5.0,9.0,11.0,5.0,10.0
2018-05-11 02:00:00,8.0,8.0,16.0,5.0,5.0,10.0,3.0,5.0,26.0,37.0,27.0,22.0,4.0,21.0,13.0,15.0,4.0,7.0,4.0,15.0,17.0,5.0,15.0
2018-05-11 03:00:00,27.0,6.0,16.0,6.0,5.0,18.0,3.0,6.0,17.0,37.0,20.0,36.0,4.0,30.0,8.0,16.0,3.0,6.0,3.0,16.0,22.0,5.0,9.0
2018-05-11 04:00:00,30.0,8.0,30.0,5.0,5.0,17.0,2.0,6.0,18.0,39.0,35.0,28.0,4.0,31.0,8.0,29.0,3.0,13.0,3.0,24.0,26.0,7.0,11.0
2018-05-11 05:00:00,46.0,13.0,39.0,8.0,8.0,25.0,2.0,15.0,36.0,50.0,42.0,49.0,9.0,41.0,15.0,39.0,3.0,29.0,9.0,24.0,46.0,7.0,21.0
2018-05-11 06:00:00,56.0,27.0,60.0,9.0,11.0,36.0,3.0,53.0,50.0,65.0,66.0,69.0,12.0,64.0,27.0,57.0,3.0,57.0,22.0,38.0,54.0,6.0,48.0
2018-05-11 07:00:00,52.0,36.0,61.0,11.0,12.0,37.0,3.0,46.0,57.0,65.0,73.0,65.0,19.0,66.0,31.0,62.0,3.0,61.0,23.0,54.0,38.0,7.0,34.0
2018-05-11 08:00:00,40.0,27.0,45.0,9.0,10.0,14.0,2.0,31.0,47.0,62.0,52.0,42.0,14.0,46.0,47.0,42.0,4.0,29.0,12.0,45.0,20.0,8.0,16.0
2018-05-11 09:00:00,9.0,28.0,33.0,8.0,11.0,11.0,3.0,0.3,24.0,48.0,30.0,0.1,6.0,32.0,48.0,30.0,5.0,19.0,6.0,24.0,15.0,14.0,9.0
2018-05-11 10:00:00,12.0,31.0,32.0,11.0,10.0,10.0,3.0,0.4,20.0,43.0,28.0,0.1,5.0,27.0,41.0,28.0,6.0,11.0,6.0,26.0,10.0,12.0,7.0
2018-05-11 11:00:00,14.0,39.0,28.0,16.0,7.0,10.0,4.0,12.0,10.0,33.0,21.0,18.0,5.0,27.0,29.0,20.0,4.0,9.0,4.0,23.0,8.0,7.0,7.0
2018-05-11 12:00:00,13.0,38.0,14.0,35.0,8.0,9.0,3.0,15.0,11.0,34.0,18.0,13.0,5.0,18.0,18.0,12.0,4.0,14.0,4.0,18.0,11.0,6.0,7.0
2018-05-11 13:00:00,14.0,18.0,8.0,28.0,8.0,9.0,4.0,17.0,12.0,33.0,15.0,11.0,8.0,15.0,7.0,7.0,4.0,17.0,4.0,19.0,10.0,5.0,9.0
2018-05-11 14:00:00,13.0,16.0,7.0,21.0,6.0,8.0,10.0,13.0,8.0,25.0,16.0,10.0,5.0,14.0,6.0,5.0,4.0,12.0,4.0,17.0,7.0,5.0,7.0
2018-05-11 15:00:00,11.0,13.0,7.0,14.0,5.0,7.0,6.0,14.0,8.0,24.0,15.0,11.0,4.0,13.0,6.0,6.0,4.0,15.0,4.0,18.0,8.0,5.0,8.0
2018-05-11 16:00:00,11.0,13.0,8.0,11.0,7.0,11.0,3.0,18.0,13.0,23.0,15.0,11.0,4.0,14.0,7.0,6.0,3.0,14.0,5.0,17.0,7.0,4.0,9.0
2018-05-11 17:00:00,12.0,21.0,9.0,12.0,9.0,11.0,3.0,16.0,14.0,24.0,15.0,14.0,4.0,14.0,5.0,6.0,3.0,18.0,4.0,16.0,7.0,4.0,9.0
2018-05-11 18:00:00,14.0,23.0,10.0,15.0,11.0,11.0,3.0,17.0,18.0,25.0,19.0,18.0,5.0,18.0,7.0,7.0,4.0,23.0,5.0,18.0,6.0,4.0,15.0
2018-05-11 19:00:00,20.0,35.0,13.0,18.0,14.0,11.0,3.0,15.0,20.0,27.0,18.0,21.0,7.0,20.0,8.0,10.0,4.0,32.0,5.0,21.0,7.0,4.0,18.0
2018-05-11 20:00:00,26.0,46.0,20.0,20.0,23.0,19.0,4.0,12.0,19.0,30.0,19.0,26.0,7.0,24.0,9.0,17.0,5.0,38.0,6.0,19.0,14.0,4.0,23.0
2018-05-11 21:00:00,32.0,66.0,24.0,20.0,25.0,24.0,4.0,9.0,23.0,39.0,19.0,26.0,8.0,25.0,9.0,24.0,7.0,44.0,5.0,27.0,13.0,5.0,18.0
2018-05-11 22:00:00,35.0,85.0,15.0,26.0,23.0,20.0,4.0,9.0,37.0,35.0,17.0,22.0,7.0,23.0,7.0,16.0,7.0,54.0,5.0,31.0,11.0,4.0,15.0
2018-05-11 23:00:00,28.0,51.0,11.0,19.0,20.0,15.0,5.0,22.0,13.0,33.0,18.0,11.0,8.0,14.0,6.0,10.0,9.0,37.0,4.0,30.0,9.0,5.0,16.0
2018-05-12 00:00:00,15.0,47.0,8.0,16.0,10.0,9.0,4.0,18.0,10.0,27.0,14.0,8.0,8.0,10.0,9.0,8.0,7.0,27.0,3.0,23.0,7.0,5.0,13.0
2018-05-12 01:00:00,12.0,54.0,6.0,14.0,8.0,8.0,3.0,11.0,13.0,25.0,13.0,8.0,8.0,12.0,5.0,12.0,7.0,22.0,3.0,16.0,5.0,5.0,10.0
2018-05-12 02:00:00,13.0,51.0,8.0,14.0,7.0,8.0,3.0,8.0,10.0,23.0,12.0,9.0,7.0,10.0,5.0,8.0,6.0,19.0,2.0,19.0,4.0,5.0,8.0
2018-05-12 03:00:00,9.0,17.0,6.0,12.0,5.0,7.0,3.0,9.0,10.0,29.0,13.0,8.0,7.0,7.0,5.0,6.0,6.0,11.0,2.0,10.0,4.0,4.0,7.0
2018-05-12 04:00:00,7.0,10.0,5.0,15.0,5.0,6.0,3.0,8.0,8.0,27.0,13.0,7.0,6.0,7.0,5.0,6.0,5.0,11.0,2.0,9.0,4.0,4.0,6.0
2018-05-12 05:00:00,7.0,21.0,6.0,14.0,7.0,8.0,4.0,7.0,14.0,24.0,18.0,9.0,8.0,9.0,6.0,7.0,4.0,10.0,2.0,10.0,4.0,3.0,8.0
2018-05-12 06:00:00,8.0,20.0,8.0,17.0,16.0,16.0,5.0,9.0,18.0,28.0,23.0,14.0,10.0,13.0,9.0,10.0,4.0,12.0,3.0,14.0,5.0,4.0,13.0
2018-05-12 07:00:00,10.0,21.0,12.0,18.0,14.0,12.0,4.0,13.0,11.0,35.0,22.0,16.0,10.0,17.0,8.0,12.0,6.0,17.0,4.0,18.0,6.0,5.0,13.0
2018-05-12 08:00:00,11.0,12.0,11.0,15.0,11.0,8.0,4.0,19.0,10.0,30.0,17.0,10.0,9.0,12.0,6.0,10.0,6.0,18.0,5.0,20.0,5.0,4.0,9.0
2018-05-12 09:00:00,10.0,9.0,8.0,11.0,9.0,7.0,3.0,17.0,11.0,24.0,14.0,9.0,6.0,12.0,9.0,7.0,5.0,14.0,5.0,16.0,4.0,4.0,9.0
2018-05-12 10:00:00,11.0,8.0,6.0,9.0,7.0,6.0,2.0,5.0,11.0,22.0,14.0,9.0,5.0,13.0,11.0,6.0,4.0,14.0,3.0,14.0,4.0,4.0,7.0
2018-05-12 11:00:00,10.0,9.0,4.0,6.0,8.0,6.0,3.0,4.0,11.0,23.0,14.0,9.0,4.0,12.0,13.0,5.0,4.0,13.0,3.0,10.0,4.0,4.0,7.0
2018-05-12 12:00:00,14.0,9.0,5.0,5.0,7.0,5.0,3.0,4.0,10.0,22.0,14.0,8.0,3.0,10.0,9.0,5.0,3.0,14.0,3.0,8.0,3.0,3.0,8.0
2018-05-12 13:00:00,11.0,9.0,4.0,4.0,5.0,6.0,2.0,3.0,11.0,21.0,13.0,7.0,3.0,10.0,12.0,4.0,3.0,13.0,3.0,7.0,3.0,3.0,5.0
2018-05-12 14:00:00,9.0,9.0,4.0,3.0,4.0,4.0,2.0,3.0,7.0,21.0,14.0,5.0,2.0,8.0,6.0,5.0,2.0,10.0,2.0,7.0,2.0,2.0,4.0
2018-05-12 15:00:00,8.0,8.0,5.0,3.0,4.0,5.0,2.0,2.0,6.0,19.0,15.0,6.0,2.0,10.0,8.0,5.0,2.0,9.0,3.0,4.0,3.0,2.0,4.0
2018-05-12 16:00:00,10.0,8.0,7.0,3.0,3.0,5.0,2.0,3.0,6.0,17.0,15.0,7.0,2.0,15.0,9.0,7.0,4.0,9.0,2.0,4.0,3.0,2.0,5.0
2018-05-12 17:00:00,11.0,11.0,9.0,4.0,3.0,5.0,2.0,3.0,8.0,20.0,19.0,8.0,2.0,17.0,12.0,8.0,3.0,8.0,2.0,5.0,3.0,2.0,6.0
2018-05-12 18:00:00,16.0,8.0,11.0,3.0,4.0,6.0,2.0,3.0,9.0,21.0,21.0,12.0,2.0,18.0,14.0,11.0,4.0,9.0,2.0,6.0,4.0,2.0,7.0
2018-05-12 19:00:00,21.0,12.0,15.0,4.0,5.0,7.0,2.0,4.0,10.0,22.0,22.0,13.0,2.0,18.0,15.0,10.0,4.0,15.0,2.0,8.0,6.0,1.0,9.0
2018-05-12 20:00:00,19.0,18.0,16.0,4.0,6.0,12.0,2.0,5.0,13.0,21.0,27.0,13.0,3.0,19.0,11.0,12.0,4.0,18.0,3.0,9.0,7.0,2.0,9.0
2018-05-12 21:00:00,23.0,16.0,16.0,5.0,7.0,12.0,2.0,9.0,12.0,21.0,24.0,16.0,3.0,24.0,10.0,11.0,3.0,14.0,3.0,16.0,10.0,2.0,12.0
2018-05-12 22:00:00,19.0,19.0,11.0,6.0,7.0,12.0,2.0,12.0,12.0,25.0,19.0,9.0,2.0,11.0,7.0,12.0,4.0,14.0,2.0,17.0,8.0,1.0,14.0
2018-05-12 23:00:00,9.0,22.0,9.0,5.0,6.0,10.0,2.0,9.0,15.0,25.0,17.0,12.0,2.0,13.0,9.0,10.0,4.0,21.0,2.0,11.0,6.0,1.0,11.0
2018-05-13 00:00:00,10.0,23.0,7.0,5.0,7.0,5.0,2.0,8.0,8.0,24.0,16.0,12.0,2.0,13.0,9.0,10.0,2.0,23.0,2.0,8.0,9.0,2.0,3.0
2018-05-13 01:00:00,9.0,19.0,5.0,5.0,8.0,6.0,2.0,7.0,9.0,23.0,14.0,9.0,2.0,11.0,7.0,8.0,3.0,13.0,2.0,7.0,7.0,1.0,2.0
2018-05-13 02:00:00,7.0,16.0,5.0,4.0,10.0,7.0,2.0,6.0,5.0,25.0,13.0,7.0,4.0,9.0,6.0,7.0,3.0,13.0,2.0,7.0,5.0,1.0,3.0
2018-05-13 03:00:00,8.0,16.0,8.0,3.0,9.0,6.0,2.0,6.0,5.0,20.0,12.0,5.0,3.0,7.0,5.0,6.0,5.0,9.0,1.0,5.0,5.0,1.0,4.0
2018-05-13 04:00:00,13.0,8.0,8.0,3.0,7.0,7.0,3.0,8.0,4.0,20.0,13.0,5.0,3.0,6.0,5.0,9.0,3.0,8.0,1.0,8.0,8.0,1.0,4.0
2018-05-13 05:00:00,18.0,13.0,8.0,5.0,12.0,7.0,2.0,9.0,4.0,32.0,14.0,8.0,2.0,10.0,5.0,9.0,2.0,12.0,1.0,11.0,11.0,1.0,4.0
2018-05-13 06:00:00,26.0,22.0,9.0,5.0,15.0,13.0,2.0,13.0,5.0,37.0,15.0,10.0,2.0,13.0,6.0,10.0,2.0,19.0,4.0,18.0,8.0,1.0,4.0
2018-05-13 07:00:00,11.0,20.0,6.0,5.0,13.0,13.0,2.0,12.0,5.0,27.0,15.0,7.0,2.0,8.0,6.0,6.0,3.0,13.0,2.0,16.0,11.0,2.0,5.0
2018-05-13 08:00:00,7.0,9.0,5.0,4.0,9.0,7.0,2.0,11.0,6.0,23.0,15.0,6.0,2.0,7.0,8.0,6.0,3.0,12.0,1.0,14.0,5.0,1.0,6.0
2018-05-13 09:00:00,7.0,8.0,5.0,4.0,6.0,5.0,2.0,8.0,6.0,19.0,15.0,6.0,3.0,9.0,8.0,6.0,2.0,10.0,2.0,8.0,4.0,1.0,5.0
2018-05-13 10:00:00,10.0,9.0,5.0,3.0,4.0,5.0,2.0,9.0,6.0,21.0,14.0,4.0,2.0,8.0,8.0,5.0,3.0,9.0,1.0,6.0,4.0,1.0,4.0
2018-05-13 11:00:00,8.0,9.0,5.0,3.0,4.0,6.0,2.0,6.0,7.0,20.0,16.0,6.0,3.0,10.0,8.0,6.0,2.0,10.0,1.0,6.0,4.0,1.0,4.0
2018-05-13 12:00:00,7.0,9.0,5.0,4.0,3.0,6.0,2.0,10.0,8.0,23.0,15.0,6.0,2.0,10.0,8.0,6.0,2.0,9.0,2.0,7.0,3.0,1.0,5.0
2018-05-13 13:00:00,10.0,8.0,4.0,3.0,3.0,6.0,2.0,5.0,8.0,24.0,15.0,6.0,2.0,8.0,7.0,5.0,2.0,12.0,2.0,9.0,4.0,2.0,6.0
2018-05-13 14:00:00,6.0,6.0,3.0,3.0,2.0,7.0,2.0,3.0,5.0,23.0,13.0,5.0,2.0,7.0,8.0,4.0,4.0,10.0,2.0,8.0,3.0,1.0,4.0
2018-05-13 15:00:00,8.0,4.0,3.0,3.0,2.0,5.0,1.0,2.0,5.0,21.0,12.0,5.0,2.0,8.0,8.0,5.0,6.0,6.0,2.0,8.0,2.0,1.0,5.0
2018-05-13 16:00:00,8.0,6.0,4.0,3.0,2.0,4.0,1.0,2.0,6.0,18.0,13.0,5.0,2.0,9.0,9.0,5.0,6.0,6.0,2.0,6.0,3.0,1.0,6.0
2018-05-13 17:00:00,13.0,11.0,4.0,4.0,3.0,4.0,2.0,3.0,9.0,19.0,13.0,5.0,2.0,9.0,19.0,7.0,5.0,8.0,2.0,6.0,3.0,1.0,5.0
2018-05-13 18:00:00,16.0,10.0,6.0,4.0,3.0,5.0,2.0,4.0,12.0,20.0,16.0,9.0,3.0,12.0,15.0,7.0,4.0,12.0,2.0,5.0,4.0,1.0,6.0
2018-05-13 19:00:00,26.0,9.0,11.0,4.0,5.0,7.0,2.0,4.0,16.0,23.0,18.0,11.0,3.0,15.0,15.0,10.0,4.0,12.0,3.0,7.0,6.0,1.0,9.0
2018-05-13 20:00:00,34.0,10.0,16.0,6.0,8.0,10.0,2.0,6.0,14.0,24.0,23.0,19.0,3.0,23.0,21.0,14.0,3.0,16.0,3.0,11.0,7.0,2.0,19.0
2018-05-13 21:00:00,36.0,27.0,17.0,7.0,12.0,12.0,2.0,6.0,14.0,30.0,23.0,22.0,4.0,34.0,13.0,13.0,4.0,19.0,3.0,18.0,10.0,2.0,18.0
2018-05-13 22:00:00,30.0,33.0,9.0,9.0,10.0,14.0,2.0,4.0,9.0,29.0,17.0,13.0,3.0,20.0,9.0,11.0,5.0,15.0,3.0,29.0,10.0,2.0,17.0
2018-05-13 23:00:00,19.0,35.0,8.0,11.0,7.0,16.0,2.0,5.0,9.0,23.0,14.0,8.0,2.0,10.0,6.0,9.0,6.0,13.0,2.0,22.0,7.0,3.0,22.0
2018-05-14 00:00:00,9.0,18.0,7.0,4.0,8.0,18.0,2.0,5.0,5.0,21.0,11.0,7.0,2.0,7.0,5.0,4.0,10.0,10.0,2.0,19.0,4.0,5.0,17.0
2018-05-14 01:00:00,5.0,6.0,7.0,3.0,5.0,14.0,2.0,4.0,4.0,21.0,10.0,4.0,2.0,4.0,3.0,6.0,8.0,10.0,2.0,7.0,4.0,1.0,13.0
2018-05-14 02:00:00,5.0,3.0,4.0,3.0,5.0,14.0,2.0,4.0,4.0,18.0,12.0,3.0,2.0,4.0,3.0,3.0,3.0,10.0,2.0,8.0,3.0,1.0,11.0
2018-05-14 03:00:00,7.0,5.0,6.0,3.0,4.0,13.0,2.0,4.0,3.0,19.0,10.0,3.0,1.0,4.0,3.0,4.0,4.0,7.0,1.0,19.0,3.0,1.0,10.0
2018-05-14 04:00:00,12.0,4.0,7.0,4.0,4.0,9.0,2.0,5.0,5.0,21.0,11.0,5.0,2.0,7.0,3.0,6.0,3.0,8.0,1.0,17.0,4.0,1.0,11.0
2018-05-14 05:00:00,22.0,7.0,13.0,3.0,6.0,12.0,2.0,6.0,8.0,30.0,15.0,11.0,3.0,18.0,5.0,12.0,3.0,18.0,2.0,18.0,6.0,1.0,11.0
2018-05-14 06:00:00,35.0,13.0,20.0,7.0,11.0,29.0,2.0,9.0,21.0,50.0,25.0,22.0,5.0,33.0,10.0,9.0,4.0,36.0,4.0,25.0,14.0,1.0,14.0
2018-05-14 07:00:00,37.0,30.0,21.0,11.0,16.0,38.0,2.0,9.0,25.0,61.0,35.0,23.0,7.0,28.0,15.0,19.0,5.0,50.0,6.0,31.0,22.0,2.0,17.0
2018-05-14 08:00:00,23.0,17.0,17.0,7.0,13.0,25.0,2.0,11.0,16.0,53.0,32.0,21.0,5.0,22.0,20.0,13.0,5.0,41.0,5.0,14.0,23.0,3.0,15.0
2018-05-14 09:00:00,13.0,0.2,9.0,4.0,80.0,19.0,2.0,12.0,11.0,47.0,26.0,13.0,3.0,15.0,11.0,9.0,3.0,80.0,2.0,11.0,15.0,4.0,11.0
2018-05-14 10:00:00,9.0,10.0,8.0,6.0,81.0,15.0,2.0,8.0,10.0,39.0,22.0,10.0,3.0,16.0,70.0,8.0,4.0,81.0,2.0,10.0,15.0,3.0,7.0
2018-05-14 11:00:00,11.0,10.0,6.0,8.0,32.0,17.0,2.0,9.0,10.0,37.0,20.0,9.0,2.0,14.0,8.0,8.0,3.0,20.0,2.0,9.0,11.0,3.0,8.0
2018-05-14 12:00:00,11.0,15.0,5.0,4.0,62.0,79.0,2.0,14.0,9.0,38.0,20.0,7.0,2.0,15.0,9.0,7.0,3.0,19.0,2.0,7.0,7.0,2.0,7.0
2018-05-14 13:00:00,12.0,15.0,7.0,5.0,8.0,76.0,2.0,17.0,11.0,37.0,17.0,8.0,2.0,12.0,13.0,7.0,2.0,20.0,3.0,6.0,9.0,2.0,8.0
2018-05-14 14:00:00,12.0,14.0,9.0,4.0,6.0,10.0,2.0,15.0,10.0,41.0,21.0,10.0,3.0,14.0,21.0,10.0,3.0,20.0,2.0,8.0,10.0,2.0,5.0
2018-05-14 15:00:00,12.0,9.0,14.0,4.0,9.0,10.0,2.0,14.0,10.0,35.0,28.0,20.0,3.0,25.0,15.0,12.0,2.0,12.0,3.0,8.0,17.0,1.0,8.0
2018-05-14 16:00:00,14.0,8.0,11.0,3.0,7.0,9.0,2.0,13.0,11.0,32.0,26.0,10.0,3.0,14.0,18.0,9.0,2.0,13.0,3.0,6.0,14.0,2.0,5.0
2018-05-14 17:00:00,14.0,10.0,10.0,5.0,6.0,9.0,2.0,16.0,13.0,35.0,24.0,11.0,3.0,13.0,12.0,9.0,2.0,16.0,3.0,6.0,11.0,2.0,5.0
2018-05-14 18:00:00,18.0,10.0,13.0,4.0,6.0,9.0,2.0,24.0,17.0,35.0,26.0,13.0,3.0,17.0,12.0,11.0,3.0,20.0,4.0,8.0,13.0,2.0,5.0
2018-05-14 19:00:00,31.0,14.0,14.0,6.0,7.0,8.0,2.0,27.0,17.0,36.0,30.0,14.0,3.0,18.0,18.0,13.0,3.0,21.0,5.0,9.0,14.0,1.0,6.0
2018-05-14 20:00:00,39.0,20.0,26.0,7.0,8.0,11.0,3.0,22.0,22.0,37.0,38.0,18.0,4.0,43.0,25.0,25.0,4.0,43.0,8.0,11.0,24.0,2.0,8.0
2018-05-14 21:00:00,34.0,22.0,32.0,7.0,12.0,11.0,3.0,19.0,15.0,32.0,40.0,31.0,4.0,71.0,29.0,47.0,5.0,33.0,3.0,11.0,47.0,2.0,7.0
2018-05-14 22:00:00,20.0,17.0,26.0,5.0,9.0,10.0,2.0,13.0,13.0,29.0,50.0,22.0,3.0,32.0,34.0,34.0,5.0,21.0,3.0,7.0,31.0,5.0,5.0
2018-05-14 23:00:00,10.0,13.0,15.0,4.0,8.0,8.0,2.0,15.0,10.0,26.0,29.0,20.0,4.0,25.0,20.0,27.0,4.0,11.0,2.0,6.0,28.0,2.0,5.0
2018-05-15 00:00:00,12.0,9.0,13.0,4.0,5.0,5.0,2.0,16.0,11.0,24.0,24.0,11.0,5.0,12.0,11.0,16.0,3.0,10.0,2.0,8.0,11.0,1.0,3.0
2018-05-15 01:00:00,13.0,7.0,8.0,3.0,4.0,4.0,2.0,10.0,23.0,25.0,17.0,9.0,4.0,10.0,7.0,10.0,3.0,8.0,2.0,8.0,11.0,2.0,2.0
2018-05-15 02:00:00,11.0,7.0,8.0,3.0,3.0,5.0,2.0,6.0,11.0,23.0,16.0,13.0,4.0,8.0,6.0,9.0,3.0,8.0,2.0,6.0,12.0,3.0,2.0
2018-05-15 03:00:00,12.0,10.0,7.0,3.0,6.0,4.0,2.0,8.0,8.0,22.0,19.0,15.0,3.0,9.0,6.0,10.0,2.0,9.0,2.0,6.0,14.0,4.0,2.0
2018-05-15 04:00:00,12.0,8.0,8.0,3.0,5.0,5.0,2.0,12.0,35.0,26.0,22.0,17.0,5.0,9.0,8.0,9.0,2.0,17.0,2.0,12.0,18.0,4.0,2.0
2018-05-15 05:00:00,35.0,11.0,11.0,5.0,5.0,8.0,2.0,18.0,52.0,40.0,31.0,24.0,7.0,17.0,11.0,30.0,2.0,21.0,2.0,19.0,50.0,4.0,5.0
2018-05-15 06:00:00,53.0,14.0,30.0,8.0,10.0,28.0,3.0,25.0,58.0,51.0,47.0,33.0,4.0,37.0,17.0,50.0,2.0,38.0,3.0,24.0,51.0,4.0,9.0
2018-05-15 07:00:00,46.0,11.0,35.0,10.0,11.0,28.0,2.0,24.0,45.0,43.0,54.0,34.0,7.0,36.0,19.0,46.0,2.0,28.0,4.0,30.0,34.0,4.0,11.0
2018-05-15 08:00:00,35.0,8.0,28.0,7.0,7.0,25.0,2.0,28.0,30.0,37.0,44.0,30.0,9.0,28.0,21.0,27.0,2.0,18.0,4.0,15.0,26.0,4.0,8.0
2018-05-15 09:00:00,27.0,15.0,27.0,5.0,4.0,18.0,1.0,19.0,12.0,35.0,40.0,19.0,5.0,21.0,12.0,24.0,2.0,17.0,2.0,18.0,14.0,4.0,7.0
2018-05-15 10:00:00,15.0,14.0,24.0,6.0,3.0,16.0,2.0,17.0,9.0,31.0,39.0,17.0,6.0,21.0,19.0,26.0,2.0,22.0,3.0,11.0,11.0,4.0,7.0
2018-05-15 11:00:00,13.0,13.0,16.0,5.0,7.0,15.0,2.0,14.0,12.0,30.0,33.0,19.0,6.0,23.0,21.0,22.0,2.0,16.0,3.0,5.0,11.0,3.0,13.0
2018-05-15 12:00:00,11.0,13.0,16.0,5.0,6.0,10.0,2.0,16.0,15.0,27.0,34.0,18.0,4.0,24.0,21.0,17.0,2.0,14.0,3.0,5.0,12.0,3.0,6.0
2018-05-15 13:00:00,13.0,8.0,19.0,3.0,5.0,8.0,2.0,19.0,18.0,28.0,30.0,15.0,5.0,21.0,17.0,17.0,2.0,13.0,4.0,5.0,10.0,4.0,5.0
2018-05-15 14:00:00,12.0,5.0,15.0,4.0,3.0,8.0,2.0,14.0,7.0,27.0,25.0,12.0,4.0,16.0,11.0,16.0,2.0,8.0,3.0,6.0,9.0,4.0,5.0
2018-05-15 15:00:00,12.0,6.0,9.0,4.0,3.0,7.0,2.0,12.0,9.0,23.0,21.0,10.0,3.0,13.0,14.0,9.0,2.0,8.0,3.0,5.0,9.0,4.0,5.0
2018-05-15 16:00:00,15.0,6.0,8.0,4.0,3.0,8.0,2.0,16.0,12.0,21.0,23.0,10.0,3.0,14.0,13.0,7.0,2.0,10.0,4.0,5.0,7.0,3.0,9.0
2018-05-15 17:00:00,18.0,9.0,8.0,7.0,4.0,8.0,2.0,19.0,19.0,21.0,24.0,10.0,3.0,15.0,9.0,8.0,2.0,15.0,3.0,7.0,8.0,4.0,5.0
2018-05-15 18:00:00,22.0,12.0,12.0,6.0,5.0,8.0,2.0,17.0,23.0,25.0,27.0,12.0,3.0,17.0,18.0,12.0,2.0,17.0,4.0,9.0,9.0,4.0,6.0
2018-05-15 19:00:00,21.0,14.0,16.0,6.0,6.0,9.0,2.0,31.0,29.0,32.0,31.0,13.0,3.0,22.0,22.0,18.0,2.0,22.0,7.0,10.0,15.0,5.0,5.0
2018-05-15 20:00:00,33.0,18.0,24.0,5.0,7.0,12.0,2.0,22.0,37.0,40.0,37.0,22.0,5.0,27.0,28.0,27.0,2.0,23.0,6.0,14.0,20.0,8.0,6.0
2018-05-15 21:00:00,42.0,13.0,20.0,4.0,10.0,11.0,2.0,14.0,39.0,39.0,36.0,24.0,4.0,23.0,14.0,22.0,3.0,18.0,5.0,14.0,19.0,7.0,6.0
2018-05-15 22:00:00,26.0,9.0,13.0,3.0,8.0,9.0,2.0,8.0,18.0,32.0,28.0,15.0,5.0,15.0,8.0,14.0,3.0,17.0,4.0,8.0,10.0,5.0,3.0
2018-05-15 23:00:00,14.0,7.0,9.0,4.0,5.0,6.0,2.0,7.0,12.0,25.0,21.0,13.0,6.0,11.0,7.0,10.0,3.0,11.0,4.0,6.0,9.0,5.0,3.0
2018-05-16 00:00:00,10.0,7.0,7.0,3.0,5.0,5.0,2.0,6.0,19.0,22.0,18.0,7.0,6.0,8.0,7.0,8.0,3.0,7.0,4.0,4.0,9.0,4.0,2.0
2018-05-16 01:00:00,11.0,5.0,5.0,3.0,4.0,6.0,2.0,4.0,20.0,21.0,15.0,7.0,5.0,6.0,6.0,6.0,3.0,6.0,3.0,5.0,9.0,4.0,3.0
2018-05-16 02:00:00,10.0,4.0,4.0,3.0,4.0,8.0,2.0,3.0,35.0,19.0,14.0,8.0,5.0,6.0,5.0,6.0,3.0,4.0,3.0,5.0,13.0,4.0,2.0
2018-05-16 03:00:00,14.0,4.0,5.0,3.0,4.0,7.0,2.0,5.0,27.0,20.0,14.0,8.0,4.0,7.0,5.0,5.0,3.0,5.0,3.0,5.0,10.0,4.0,3.0
2018-05-16 04:00:00,15.0,5.0,5.0,4.0,4.0,8.0,2.0,7.0,20.0,22.0,18.0,13.0,4.0,8.0,5.0,7.0,3.0,8.0,3.0,7.0,14.0,3.0,3.0
2018-05-16 05:00:00,33.0,8.0,12.0,4.0,8.0,11.0,2.0,12.0,50.0,30.0,30.0,21.0,9.0,17.0,9.0,10.0,3.0,15.0,4.0,13.0,22.0,3.0,5.0
2018-05-16 06:00:00,39.0,19.0,33.0,5.0,9.0,20.0,4.0,22.0,59.0,55.0,53.0,41.0,26.0,33.0,14.0,23.0,3.0,94.0,10.0,22.0,30.0,4.0,8.0
2018-05-16 07:00:00,50.0,22.0,48.0,7.0,11.0,24.0,3.0,39.0,52.0,61.0,72.0,48.0,33.0,52.0,19.0,34.0,3.0,95.0,6.0,28.0,35.0,6.0,7.0
2018-05-16 08:00:00,42.0,16.0,43.0,5.0,8.0,17.0,3.0,31.0,24.0,51.0,61.0,43.0,65.0,48.0,20.0,42.0,3.0,96.0,5.0,23.0,32.0,8.0,96.0
2018-05-16 09:00:00,29.0,14.0,40.0,5.0,6.0,19.0,2.0,22.0,17.0,44.0,74.0,35.0,73.0,43.0,15.0,39.0,3.0,27.0,5.0,18.0,24.0,8.0,98.0
2018-05-16 10:00:00,25.0,11.0,117.0,4.0,5.0,18.0,2.0,19.0,10.0,42.0,41.0,18.0,93.0,31.0,16.0,27.0,3.0,27.0,5.0,20.0,15.0,8.0,102.0
2018-05-16 11:00:00,14.0,9.0,20.0,4.0,4.0,14.0,2.0,21.0,7.0,37.0,25.0,12.0,101.0,19.0,15.0,18.0,3.0,17.0,107.0,11.0,10.0,11.0,8.0
2018-05-16 12:00:00,12.0,9.0,14.0,4.0,3.0,7.0,2.0,16.0,6.0,29.0,22.0,11.0,4.0,18.0,17.0,13.0,3.0,14.0,5.0,10.0,7.0,8.0,5.0
2018-05-16 13:00:00,10.0,10.0,14.0,4.0,4.0,6.0,2.0,17.0,10.0,26.0,19.0,9.0,4.0,16.0,19.0,13.0,3.0,15.0,9.0,8.0,8.0,116.0,5.0
2018-05-16 14:00:00,13.0,7.0,11.0,4.0,2.0,6.0,2.0,10.0,6.0,25.0,17.0,8.0,5.0,16.0,16.0,10.0,2.0,11.0,7.0,11.0,7.0,6.0,12.0
2018-05-16 15:00:00,14.0,7.0,12.0,5.0,3.0,5.0,2.0,17.0,8.0,25.0,21.0,7.0,4.0,15.0,19.0,10.0,3.0,9.0,6.0,7.0,7.0,2.0,8.0
2018-05-16 16:00:00,14.0,10.0,10.0,4.0,3.0,6.0,2.0,16.0,8.0,26.0,13.0,8.0,4.0,17.0,22.0,11.0,3.0,16.0,6.0,8.0,7.0,3.0,6.0
2018-05-16 17:00:00,18.0,12.0,8.0,5.0,4.0,10.0,2.0,23.0,7.0,20.0,12.0,11.0,4.0,20.0,20.0,12.0,3.0,26.0,6.0,7.0,6.0,5.0,9.0
2018-05-16 18:00:00,16.0,11.0,14.0,5.0,5.0,8.0,2.0,27.0,11.0,29.0,20.0,13.0,4.0,25.0,14.0,12.0,3.0,29.0,8.0,9.0,7.0,6.0,11.0
2018-05-16 19:00:00,13.0,13.0,13.0,7.0,6.0,9.0,2.0,34.0,28.0,44.0,16.0,14.0,8.0,25.0,19.0,17.0,3.0,23.0,11.0,10.0,18.0,8.0,14.0
2018-05-16 20:00:00,23.0,20.0,25.0,17.0,8.0,16.0,2.0,54.0,87.0,38.0,36.0,26.0,16.0,54.0,15.0,26.0,3.0,20.0,31.0,12.0,25.0,14.0,32.0
2018-05-16 21:00:00,30.0,57.0,35.0,16.0,9.0,33.0,2.0,52.0,60.0,57.0,39.0,63.0,10.0,79.0,14.0,28.0,3.0,50.0,12.0,22.0,40.0,12.0,24.0
2018-05-16 22:00:00,14.0,82.0,52.0,16.0,6.0,15.0,2.0,39.0,33.0,68.0,49.0,56.0,9.0,89.0,32.0,48.0,7.0,40.0,9.0,30.0,50.0,12.0,18.0
2018-05-16 23:00:00,7.0,63.0,41.0,11.0,4.0,10.0,2.0,18.0,28.0,48.0,33.0,29.0,8.0,29.0,57.0,30.0,3.0,15.0,8.0,15.0,23.0,9.0,26.0
2018-05-17 00:00:00,5.0,25.0,9.0,9.0,3.0,9.0,2.0,9.0,39.0,28.0,18.0,15.0,7.0,11.0,28.0,8.0,3.0,11.0,9.0,9.0,7.0,9.0,19.0
2018-05-17 01:00:00,6.0,13.0,5.0,6.0,2.0,10.0,2.0,10.0,27.0,23.0,16.0,8.0,6.0,8.0,9.0,8.0,3.0,11.0,7.0,5.0,6.0,7.0,8.0
2018-05-17 02:00:00,7.0,7.0,6.0,5.0,3.0,6.0,2.0,8.0,27.0,24.0,15.0,11.0,5.0,10.0,9.0,9.0,3.0,7.0,6.0,5.0,10.0,6.0,9.0
2018-05-17 03:00:00,13.0,11.0,9.0,6.0,2.0,11.0,2.0,7.0,26.0,24.0,15.0,20.0,4.0,18.0,11.0,9.0,3.0,9.0,6.0,7.0,10.0,6.0,15.0
2018-05-17 04:00:00,12.0,18.0,11.0,7.0,3.0,7.0,3.0,12.0,26.0,23.0,22.0,27.0,4.0,25.0,15.0,10.0,3.0,7.0,8.0,13.0,14.0,6.0,10.0
2018-05-17 05:00:00,21.0,46.0,24.0,9.0,4.0,14.0,2.0,28.0,41.0,36.0,46.0,43.0,6.0,41.0,24.0,22.0,3.0,11.0,11.0,24.0,30.0,6.0,12.0
2018-05-17 06:00:00,31.0,64.0,56.0,19.0,5.0,23.0,3.0,66.0,58.0,62.0,65.0,63.0,17.0,65.0,57.0,52.0,3.0,21.0,40.0,51.0,24.0,6.0,10.0
2018-05-17 07:00:00,26.0,78.0,75.0,28.0,12.0,30.0,3.0,75.0,58.0,90.0,78.0,74.0,25.0,69.0,73.0,62.0,1.0,38.0,23.0,60.0,40.0,7.0,16.0
2018-05-17 08:00:00,39.0,29.0,43.0,43.0,13.0,26.0,3.0,42.0,44.0,91.0,68.0,0.1,9.0,56.0,58.0,44.0,1.0,56.0,16.0,34.0,29.0,9.0,12.0
2018-05-17 09:00:00,22.0,29.0,27.0,70.0,6.0,16.0,3.0,23.0,17.0,52.0,41.0,0.1,7.0,39.0,44.0,26.0,0.4,24.0,8.0,14.0,21.0,21.0,9.0
2018-05-17 10:00:00,27.0,31.0,27.0,10.0,5.0,9.0,3.0,15.0,8.0,23.0,39.0,22.0,4.0,97.0,21.0,19.0,0.3,14.0,9.0,8.0,10.0,17.0,7.0
2018-05-17 11:00:00,15.0,24.0,17.0,11.0,3.0,9.0,3.0,18.0,9.0,0.1,32.0,16.0,5.0,109.0,13.0,19.0,2.0,13.0,15.0,8.0,9.0,7.0,6.0
2018-05-17 12:00:00,9.0,23.0,22.0,11.0,4.0,7.0,3.0,17.0,17.0,0.1,21.0,10.0,6.0,18.0,15.0,1.0,2.0,11.0,8.0,8.0,6.0,4.0,8.0
2018-05-17 13:00:00,10.0,23.0,11.0,12.0,4.0,7.0,4.0,14.0,15.0,0.1,17.0,11.0,7.0,16.0,12.0,123.0,3.0,12.0,6.0,8.0,8.0,4.0,6.0
2018-05-17 14:00:00,9.0,19.0,9.0,8.0,3.0,6.0,4.0,11.0,8.0,11.0,18.0,7.0,6.0,12.0,11.0,7.0,2.0,10.0,5.0,8.0,5.0,4.0,6.0
2018-05-17 15:00:00,7.0,15.0,7.0,8.0,3.0,8.0,6.0,13.0,10.0,12.0,13.0,8.0,4.0,10.0,13.0,7.0,2.0,8.0,5.0,10.0,8.0,4.0,6.0
2018-05-17 16:00:00,7.0,13.0,6.0,10.0,3.0,7.0,4.0,16.0,12.0,18.0,13.0,9.0,4.0,16.0,11.0,7.0,2.0,10.0,5.0,6.0,8.0,4.0,6.0
2018-05-17 17:00:00,11.0,11.0,7.0,10.0,3.0,6.0,4.0,20.0,15.0,25.0,19.0,9.0,5.0,11.0,10.0,6.0,2.0,13.0,4.0,5.0,6.0,4.0,8.0
2018-05-17 18:00:00,12.0,19.0,7.0,11.0,5.0,9.0,3.0,18.0,32.0,24.0,15.0,12.0,6.0,17.0,9.0,8.0,3.0,10.0,5.0,10.0,8.0,4.0,10.0
2018-05-17 19:00:00,25.0,23.0,10.0,13.0,4.0,10.0,3.0,14.0,29.0,33.0,15.0,17.0,7.0,27.0,21.0,14.0,3.0,11.0,5.0,13.0,9.0,5.0,12.0
2018-05-17 20:00:00,29.0,20.0,26.0,9.0,11.0,10.0,2.0,19.0,28.0,43.0,38.0,36.0,8.0,46.0,37.0,25.0,3.0,23.0,5.0,17.0,23.0,3.0,8.0
2018-05-17 21:00:00,20.0,14.0,41.0,10.0,11.0,7.0,2.0,15.0,19.0,48.0,48.0,32.0,5.0,40.0,22.0,27.0,3.0,20.0,5.0,18.0,19.0,3.0,5.0
2018-05-17 22:00:00,20.0,7.0,23.0,6.0,4.0,5.0,2.0,8.0,9.0,36.0,35.0,20.0,4.0,28.0,9.0,18.0,3.0,7.0,4.0,14.0,11.0,4.0,3.0
2018-05-17 23:00:00,13.0,6.0,14.0,5.0,3.0,4.0,3.0,6.0,11.0,24.0,27.0,16.0,6.0,16.0,7.0,11.0,3.0,10.0,4.0,9.0,7.0,5.0,3.0
2018-05-18 00:00:00,11.0,6.0,10.0,5.0,2.0,3.0,2.0,7.0,11.0,20.0,20.0,11.0,5.0,11.0,7.0,11.0,3.0,6.0,4.0,8.0,7.0,4.0,3.0
2018-05-18 01:00:00,7.0,5.0,8.0,4.0,4.0,4.0,2.0,4.0,8.0,20.0,19.0,13.0,5.0,9.0,7.0,9.0,2.0,5.0,3.0,8.0,7.0,4.0,2.0
2018-05-18 02:00:00,7.0,4.0,8.0,4.0,3.0,3.0,2.0,3.0,6.0,18.0,21.0,11.0,5.0,10.0,7.0,9.0,2.0,6.0,4.0,6.0,6.0,4.0,4.0
2018-05-18 03:00:00,9.0,4.0,8.0,5.0,4.0,4.0,2.0,3.0,5.0,18.0,19.0,15.0,5.0,10.0,7.0,9.0,3.0,9.0,3.0,8.0,6.0,3.0,5.0
2018-05-18 04:00:00,17.0,4.0,8.0,5.0,4.0,4.0,2.0,4.0,6.0,19.0,23.0,14.0,5.0,12.0,6.0,10.0,3.0,10.0,2.0,10.0,9.0,3.0,5.0
2018-05-18 05:00:00,30.0,7.0,14.0,6.0,4.0,5.0,3.0,10.0,18.0,34.0,30.0,31.0,6.0,25.0,9.0,16.0,3.0,18.0,2.0,15.0,17.0,3.0,5.0
2018-05-18 06:00:00,49.0,17.0,37.0,13.0,4.0,8.0,3.0,28.0,36.0,53.0,60.0,60.0,18.0,59.0,22.0,44.0,3.0,37.0,4.0,27.0,34.0,3.0,8.0
2018-05-18 07:00:00,15.0,25.0,58.0,10.0,10.0,13.0,3.0,45.0,35.0,75.0,77.0,75.0,21.0,72.0,24.0,62.0,4.0,62.0,7.0,27.0,42.0,3.0,10.0
2018-05-18 08:00:00,36.0,16.0,42.0,9.0,7.0,13.0,3.0,33.0,16.0,59.0,41.0,39.0,15.0,50.0,26.0,39.0,3.0,23.0,8.0,27.0,0.1,5.0,10.0
2018-05-18 09:00:00,57.0,13.0,21.0,6.0,5.0,9.0,2.0,22.0,9.0,43.0,29.0,11.0,6.0,20.0,25.0,26.0,3.0,11.0,11.0,16.0,0.1,9.0,12.0
2018-05-18 10:00:00,6.0,12.0,14.0,8.0,4.0,7.0,2.0,19.0,8.0,26.0,26.0,9.0,5.0,14.0,30.0,18.0,3.0,9.0,9.0,8.0,9.0,12.0,7.0
2018-05-18 11:00:00,5.0,11.0,13.0,8.0,4.0,9.0,2.0,18.0,9.0,26.0,23.0,8.0,4.0,12.0,28.0,12.0,3.0,9.0,6.0,7.0,9.0,14.0,7.0
2018-05-18 12:00:00,6.0,12.0,9.0,8.0,4.0,7.0,2.0,23.0,110.0,32.0,17.0,8.0,5.0,10.0,21.0,8.0,3.0,14.0,12.0,8.0,8.0,11.0,7.0
2018-05-18 13:00:00,6.0,14.0,8.0,7.0,8.0,8.0,3.0,19.0,10.0,39.0,16.0,8.0,6.0,15.0,10.0,7.0,3.0,9.0,15.0,9.0,8.0,9.0,7.0
2018-05-18 14:00:00,7.0,10.0,10.0,7.0,6.0,8.0,2.0,20.0,12.0,30.0,24.0,15.0,4.0,19.0,18.0,10.0,3.0,34.0,10.0,11.0,10.0,7.0,9.0
2018-05-18 15:00:00,11.0,26.0,15.0,15.0,13.0,12.0,2.0,22.0,11.0,29.0,27.0,20.0,5.0,31.0,19.0,13.0,3.0,25.0,8.0,20.0,15.0,7.0,10.0
2018-05-18 16:00:00,19.0,29.0,36.0,25.0,9.0,16.0,2.0,17.0,24.0,40.0,41.0,42.0,7.0,46.0,18.0,23.0,4.0,52.0,6.0,30.0,21.0,6.0,11.0
2018-05-18 17:00:00,28.0,36.0,57.0,27.0,9.0,19.0,3.0,14.0,22.0,63.0,43.0,43.0,11.0,60.0,27.0,34.0,4.0,66.0,6.0,50.0,12.0,5.0,9.0
2018-05-18 18:00:00,19.0,15.0,21.0,18.0,5.0,22.0,4.0,11.0,32.0,84.0,43.0,51.0,11.0,47.0,37.0,15.0,4.0,54.0,6.0,42.0,16.0,5.0,10.0
2018-05-18 19:00:00,36.0,20.0,35.0,20.0,7.0,15.0,4.0,18.0,39.0,66.0,54.0,46.0,13.0,46.0,30.0,28.0,7.0,65.0,7.0,36.0,48.0,5.0,13.0
2018-05-18 20:00:00,45.0,30.0,49.0,19.0,15.0,18.0,4.0,38.0,50.0,67.0,82.0,66.0,11.0,72.0,31.0,48.0,6.0,69.0,11.0,27.0,68.0,6.0,16.0
2018-05-18 21:00:00,40.0,26.0,74.0,15.0,13.0,18.0,3.0,22.0,43.0,51.0,98.0,72.0,13.0,85.0,33.0,65.0,4.0,44.0,11.0,32.0,67.0,6.0,14.0
2018-05-18 22:00:00,57.0,15.0,72.0,10.0,7.0,11.0,3.0,16.0,31.0,57.0,69.0,43.0,8.0,57.0,23.0,76.0,3.0,31.0,12.0,37.0,44.0,7.0,10.0
2018-05-18 23:00:00,48.0,12.0,40.0,8.0,8.0,17.0,4.0,19.0,41.0,39.0,43.0,37.0,7.0,53.0,22.0,43.0,3.0,42.0,23.0,22.0,38.0,9.0,22.0
2018-05-19 00:00:00,28.0,11.0,36.0,8.0,8.0,26.0,3.0,21.0,28.0,36.0,47.0,41.0,8.0,46.0,24.0,36.0,3.0,58.0,10.0,33.0,52.0,11.0,24.0
2018-05-19 01:00:00,41.0,15.0,27.0,7.0,7.0,20.0,3.0,15.0,37.0,50.0,42.0,54.0,6.0,55.0,21.0,30.0,3.0,42.0,7.0,32.0,43.0,10.0,32.0
2018-05-19 02:00:00,33.0,12.0,37.0,7.0,7.0,20.0,3.0,13.0,19.0,29.0,47.0,61.0,6.0,52.0,15.0,39.0,3.0,35.0,8.0,22.0,35.0,9.0,15.0
2018-05-19 03:00:00,35.0,6.0,23.0,7.0,6.0,15.0,3.0,10.0,29.0,27.0,51.0,65.0,6.0,43.0,9.0,32.0,3.0,25.0,8.0,22.0,33.0,9.0,9.0
2018-05-19 04:00:00,19.0,10.0,19.0,6.0,5.0,13.0,3.0,9.0,19.0,27.0,50.0,59.0,6.0,40.0,9.0,21.0,3.0,21.0,7.0,20.0,39.0,8.0,13.0
2018-05-19 05:00:00,21.0,13.0,23.0,7.0,6.0,15.0,2.0,14.0,23.0,33.0,44.0,45.0,6.0,45.0,11.0,26.0,3.0,27.0,7.0,29.0,35.0,7.0,12.0
2018-05-19 06:00:00,24.0,14.0,30.0,6.0,6.0,25.0,3.0,16.0,31.0,42.0,49.0,53.0,8.0,55.0,11.0,24.0,3.0,32.0,7.0,30.0,36.0,6.0,10.0
2018-05-19 07:00:00,26.0,13.0,36.0,7.0,6.0,28.0,3.0,23.0,38.0,41.0,47.0,54.0,11.0,47.0,15.0,31.0,3.0,30.0,9.0,27.0,25.0,7.0,11.0
2018-05-19 08:00:00,25.0,12.0,29.0,7.0,6.0,23.0,2.0,24.0,32.0,35.0,48.0,31.0,9.0,40.0,18.0,30.0,3.0,30.0,12.0,27.0,16.0,7.0,9.0
2018-05-19 09:00:00,26.0,15.0,24.0,5.0,5.0,22.0,2.0,17.0,13.0,37.0,30.0,19.0,5.0,32.0,19.0,19.0,3.0,16.0,8.0,31.0,10.0,8.0,9.0
2018-05-19 10:00:00,15.0,13.0,19.0,5.0,4.0,10.0,2.0,13.0,10.0,29.0,26.0,16.0,5.0,21.0,15.0,17.0,3.0,15.0,6.0,14.0,8.0,7.0,6.0
2018-05-19 11:00:00,14.0,16.0,14.0,5.0,3.0,8.0,2.0,12.0,8.0,24.0,21.0,11.0,4.0,18.0,12.0,15.0,3.0,16.0,5.0,13.0,8.0,7.0,5.0
2018-05-19 12:00:00,9.0,14.0,12.0,6.0,3.0,7.0,2.0,15.0,15.0,26.0,17.0,8.0,5.0,15.0,15.0,11.0,3.0,13.0,5.0,12.0,9.0,8.0,6.0
2018-05-19 13:00:00,8.0,10.0,10.0,6.0,3.0,5.0,2.0,9.0,20.0,19.0,15.0,6.0,4.0,12.0,16.0,9.0,3.0,13.0,6.0,5.0,7.0,6.0,6.0
2018-05-19 14:00:00,9.0,6.0,8.0,5.0,3.0,5.0,2.0,11.0,20.0,19.0,15.0,6.0,2.0,13.0,17.0,8.0,3.0,13.0,6.0,5.0,5.0,5.0,4.0
2018-05-19 15:00:00,8.0,4.0,9.0,4.0,2.0,6.0,2.0,10.0,13.0,19.0,20.0,10.0,116.0,12.0,13.0,8.0,3.0,15.0,3.0,6.0,5.0,4.0,4.0
2018-05-19 16:00:00,15.0,5.0,9.0,4.0,3.0,8.0,2.0,5.0,14.0,21.0,20.0,8.0,114.0,10.0,23.0,10.0,4.0,9.0,3.0,8.0,10.0,3.0,8.0
2018-05-19 17:00:00,13.0,6.0,11.0,4.0,5.0,13.0,3.0,10.0,19.0,27.0,20.0,9.0,112.0,14.0,19.0,11.0,4.0,9.0,4.0,14.0,13.0,4.0,13.0
2018-05-19 18:00:00,14.0,9.0,12.0,4.0,6.0,10.0,2.0,20.0,28.0,22.0,21.0,11.0,109.0,15.0,16.0,14.0,4.0,13.0,4.0,8.0,9.0,3.0,16.0
2018-05-19 19:00:00,12.0,13.0,14.0,5.0,11.0,20.0,3.0,26.0,39.0,21.0,20.0,17.0,105.0,21.0,18.0,16.0,4.0,16.0,3.0,9.0,10.0,4.0,20.0
2018-05-19 20:00:00,19.0,12.0,20.0,10.0,11.0,34.0,3.0,45.0,34.0,32.0,24.0,21.0,95.0,30.0,45.0,16.0,4.0,31.0,7.0,15.0,10.0,3.0,29.0
2018-05-19 21:00:00,22.0,37.0,21.0,9.0,10.0,25.0,2.0,62.0,39.0,35.0,25.0,29.0,83.0,27.0,35.0,12.0,3.0,29.0,5.0,26.0,15.0,8.0,23.0
2018-05-19 22:00:00,28.0,27.0,21.0,7.0,17.0,24.0,2.0,42.0,33.0,36.0,27.0,30.0,81.0,28.0,29.0,23.0,4.0,16.0,11.0,26.0,10.0,7.0,19.0
2018-05-19 23:00:00,34.0,27.0,18.0,8.0,14.0,24.0,3.0,28.0,29.0,40.0,26.0,28.0,84.0,27.0,26.0,31.0,6.0,30.0,17.0,23.0,12.0,7.0,17.0
2018-05-20 00:00:00,21.0,11.0,13.0,4.0,12.0,20.0,3.0,13.0,27.0,36.0,26.0,27.0,77.0,27.0,22.0,21.0,6.0,23.0,9.0,16.0,11.0,8.0,16.0
2018-05-20 01:00:00,7.0,5.0,15.0,3.0,10.0,6.0,2.0,5.0,18.0,19.0,26.0,13.0,89.0,14.0,12.0,16.0,3.0,7.0,7.0,5.0,10.0,7.0,7.0
2018-05-20 02:00:00,5.0,5.0,6.0,3.0,4.0,4.0,2.0,5.0,10.0,14.0,18.0,7.0,109.0,8.0,8.0,7.0,3.0,4.0,5.0,5.0,5.0,7.0,5.0
2018-05-20 03:00:00,5.0,4.0,5.0,4.0,3.0,3.0,2.0,5.0,15.0,12.0,16.0,7.0,106.0,6.0,7.0,7.0,2.0,3.0,4.0,3.0,5.0,5.0,4.0
2018-05-20 04:00:00,5.0,4.0,4.0,4.0,3.0,3.0,2.0,4.0,10.0,13.0,15.0,5.0,106.0,6.0,5.0,6.0,2.0,3.0,5.0,4.0,5.0,4.0,3.0
2018-05-20 05:00:00,10.0,4.0,6.0,4.0,2.0,4.0,2.0,6.0,18.0,14.0,16.0,9.0,97.0,8.0,6.0,7.0,2.0,5.0,11.0,7.0,5.0,4.0,3.0
2018-05-20 06:00:00,14.0,7.0,10.0,5.0,3.0,4.0,3.0,7.0,28.0,18.0,18.0,14.0,88.0,16.0,8.0,11.0,2.0,12.0,7.0,9.0,6.0,4.0,5.0
2018-05-20 07:00:00,20.0,8.0,12.0,5.0,3.0,6.0,2.0,9.0,19.0,33.0,25.0,20.0,83.0,27.0,10.0,15.0,2.0,16.0,7.0,13.0,8.0,4.0,5.0
2018-05-20 08:00:00,15.0,8.0,14.0,6.0,3.0,6.0,2.0,10.0,13.0,26.0,27.0,12.0,2.0,16.0,9.0,12.0,2.0,13.0,4.0,9.0,9.0,5.0,4.0
2018-05-20 09:00:00,10.0,7.0,8.0,4.0,3.0,6.0,2.0,9.0,7.0,23.0,20.0,9.0,3.0,14.0,9.0,9.0,2.0,7.0,4.0,6.0,5.0,5.0,4.0
2018-05-20 10:00:00,14.0,6.0,8.0,4.0,3.0,5.0,2.0,9.0,6.0,20.0,18.0,6.0,3.0,12.0,10.0,7.0,2.0,5.0,5.0,5.0,5.0,5.0,3.0
2018-05-20 11:00:00,22.0,10.0,8.0,6.0,3.0,5.0,3.0,11.0,6.0,27.0,16.0,5.0,3.0,9.0,9.0,7.0,3.0,12.0,5.0,7.0,5.0,5.0,5.0
2018-05-20 12:00:00,17.0,11.0,7.0,5.0,3.0,5.0,3.0,13.0,6.0,38.0,14.0,6.0,4.0,11.0,10.0,5.0,2.0,13.0,4.0,11.0,6.0,5.0,7.0
2018-05-20 13:00:00,11.0,9.0,7.0,3.0,4.0,5.0,2.0,14.0,6.0,30.0,15.0,8.0,5.0,12.0,10.0,7.0,2.0,15.0,5.0,9.0,6.0,5.0,9.0
2018-05-20 14:00:00,7.0,5.0,8.0,3.0,3.0,5.0,2.0,10.0,9.0,22.0,17.0,7.0,3.0,10.0,13.0,8.0,2.0,10.0,4.0,5.0,4.0,5.0,4.0
2018-05-20 15:00:00,3.0,4.0,6.0,3.0,2.0,4.0,2.0,7.0,10.0,22.0,15.0,5.0,3.0,10.0,9.0,6.0,2.0,6.0,3.0,4.0,4.0,5.0,4.0
2018-05-20 16:00:00,7.0,5.0,9.0,3.0,2.0,4.0,2.0,7.0,13.0,21.0,18.0,8.0,3.0,12.0,9.0,8.0,3.0,8.0,2.0,4.0,5.0,5.0,4.0
2018-05-20 17:00:00,7.0,6.0,8.0,4.0,3.0,5.0,2.0,11.0,22.0,20.0,19.0,10.0,4.0,13.0,10.0,8.0,3.0,8.0,3.0,4.0,6.0,5.0,5.0
2018-05-20 18:00:00,10.0,7.0,9.0,4.0,6.0,9.0,2.0,15.0,21.0,18.0,18.0,12.0,5.0,17.0,10.0,9.0,3.0,10.0,5.0,6.0,7.0,5.0,6.0
2018-05-20 19:00:00,17.0,10.0,11.0,5.0,13.0,7.0,2.0,15.0,30.0,27.0,17.0,15.0,8.0,19.0,10.0,8.0,3.0,17.0,6.0,10.0,6.0,5.0,11.0
2018-05-20 20:00:00,34.0,15.0,16.0,9.0,16.0,12.0,2.0,24.0,55.0,38.0,26.0,22.0,8.0,34.0,13.0,11.0,4.0,16.0,13.0,11.0,8.0,5.0,14.0
2018-05-20 21:00:00,9.0,20.0,24.0,8.0,15.0,14.0,2.0,20.0,41.0,35.0,27.0,29.0,12.0,33.0,25.0,15.0,4.0,34.0,11.0,15.0,11.0,10.0,28.0
2018-05-20 22:00:00,9.0,23.0,29.0,8.0,12.0,14.0,2.0,16.0,33.0,31.0,24.0,31.0,11.0,43.0,40.0,27.0,3.0,18.0,9.0,12.0,16.0,9.0,21.0
2018-05-20 23:00:00,14.0,22.0,29.0,7.0,13.0,70.0,3.0,8.0,28.0,27.0,25.0,25.0,6.0,44.0,17.0,27.0,4.0,22.0,5.0,14.0,14.0,8.0,17.0
2018-05-21 00:00:00,17.0,11.0,10.0,7.0,7.0,78.0,2.0,7.0,19.0,24.0,18.0,16.0,5.0,16.0,13.0,13.0,3.0,16.0,5.0,13.0,8.0,7.0,11.0
2018-05-21 01:00:00,6.0,11.0,14.0,5.0,7.0,9.0,3.0,7.0,17.0,19.0,14.0,13.0,5.0,10.0,9.0,14.0,3.0,9.0,3.0,9.0,11.0,9.0,7.0
2018-05-21 02:00:00,5.0,10.0,11.0,6.0,10.0,8.0,2.0,6.0,15.0,19.0,15.0,12.0,6.0,11.0,10.0,11.0,3.0,9.0,4.0,9.0,8.0,9.0,8.0
2018-05-21 03:00:00,9.0,8.0,12.0,5.0,6.0,8.0,3.0,5.0,13.0,21.0,14.0,17.0,5.0,20.0,12.0,14.0,3.0,11.0,4.0,10.0,10.0,9.0,12.0
2018-05-21 04:00:00,6.0,7.0,12.0,5.0,7.0,11.0,2.0,6.0,21.0,23.0,19.0,14.0,4.0,26.0,8.0,16.0,4.0,32.0,4.0,8.0,14.0,8.0,12.0
2018-05-21 05:00:00,27.0,13.0,17.0,6.0,9.0,29.0,2.0,8.0,28.0,30.0,26.0,24.0,8.0,44.0,12.0,26.0,7.0,30.0,6.0,11.0,20.0,8.0,16.0
2018-05-21 06:00:00,19.0,23.0,37.0,9.0,8.0,46.0,3.0,26.0,44.0,50.0,44.0,44.0,8.0,47.0,25.0,24.0,8.0,28.0,8.0,31.0,33.0,7.0,40.0
2018-05-21 07:00:00,14.0,34.0,48.0,10.0,11.0,40.0,3.0,46.0,46.0,54.0,48.0,50.0,17.0,71.0,50.0,15.0,9.0,29.0,18.0,31.0,41.0,6.0,28.0
2018-05-21 08:00:00,14.0,30.0,40.0,11.0,13.0,20.0,2.0,43.0,43.0,44.0,67.0,30.0,18.0,57.0,57.0,24.0,9.0,30.0,24.0,22.0,32.0,6.0,17.0
2018-05-21 09:00:00,11.0,29.0,42.0,13.0,7.0,64.0,2.0,23.0,16.0,34.0,78.0,28.0,10.0,43.0,49.0,25.0,6.0,29.0,16.0,16.0,20.0,8.0,10.0
2018-05-21 10:00:00,10.0,39.0,16.0,17.0,5.0,77.0,2.0,15.0,11.0,25.0,96.0,16.0,6.0,27.0,45.0,20.0,5.0,12.0,11.0,18.0,13.0,8.0,13.0
2018-05-21 11:00:00,11.0,35.0,10.0,22.0,5.0,88.0,2.0,19.0,91.0,20.0,101.0,9.0,5.0,17.0,14.0,10.0,4.0,7.0,8.0,12.0,9.0,7.0,8.0
2018-05-21 12:00:00,12.0,20.0,9.0,20.0,6.0,12.0,3.0,24.0,97.0,19.0,120.0,8.0,14.0,19.0,11.0,11.0,3.0,123.0,6.0,11.0,6.0,6.0,6.0
2018-05-21 13:00:00,10.0,11.0,5.0,13.0,5.0,8.0,5.0,7.0,17.0,19.0,12.0,11.0,109.0,19.0,8.0,5.0,3.0,126.0,6.0,10.0,8.0,6.0,6.0
2018-05-21 14:00:00,8.0,13.0,5.0,11.0,5.0,12.0,3.0,6.0,18.0,24.0,10.0,6.0,126.0,10.0,9.0,5.0,3.0,12.0,4.0,15.0,5.0,6.0,5.0
2018-05-21 15:00:00,22.0,8.0,7.0,9.0,6.0,11.0,3.0,5.0,13.0,18.0,12.0,8.0,5.0,12.0,8.0,7.0,3.0,13.0,4.0,13.0,9.0,6.0,5.0
2018-05-21 16:00:00,16.0,9.0,12.0,6.0,5.0,14.0,3.0,6.0,9.0,24.0,14.0,8.0,4.0,16.0,8.0,14.0,5.0,14.0,4.0,10.0,7.0,6.0,7.0
2018-05-21 17:00:00,18.0,11.0,22.0,7.0,6.0,13.0,3.0,28.0,26.0,29.0,15.0,11.0,5.0,21.0,7.0,15.0,4.0,23.0,4.0,18.0,6.0,5.0,8.0
2018-05-21 18:00:00,17.0,14.0,11.0,9.0,5.0,13.0,3.0,27.0,27.0,45.0,16.0,14.0,6.0,23.0,7.0,7.0,6.0,34.0,4.0,24.0,7.0,5.0,10.0
2018-05-21 19:00:00,35.0,21.0,15.0,24.0,9.0,13.0,3.0,17.0,21.0,62.0,20.0,15.0,7.0,21.0,11.0,16.0,6.0,29.0,6.0,33.0,7.0,5.0,12.0
2018-05-21 20:00:00,29.0,26.0,24.0,16.0,7.0,12.0,3.0,29.0,28.0,45.0,28.0,26.0,9.0,30.0,15.0,25.0,7.0,25.0,6.0,30.0,13.0,7.0,8.0
2018-05-21 21:00:00,12.0,30.0,20.0,8.0,7.0,9.0,4.0,37.0,32.0,32.0,21.0,19.0,11.0,29.0,8.0,18.0,5.0,20.0,6.0,10.0,11.0,6.0,7.0
2018-05-21 22:00:00,9.0,20.0,11.0,8.0,6.0,6.0,4.0,16.0,30.0,24.0,17.0,15.0,8.0,19.0,14.0,10.0,4.0,13.0,5.0,12.0,17.0,7.0,5.0
2018-05-21 23:00:00,9.0,18.0,9.0,8.0,5.0,8.0,4.0,12.0,18.0,23.0,16.0,15.0,8.0,12.0,10.0,9.0,4.0,11.0,6.0,8.0,12.0,8.0,4.0
2018-05-22 00:00:00,6.0,16.0,9.0,7.0,4.0,8.0,3.0,11.0,16.0,19.0,15.0,16.0,7.0,18.0,15.0,8.0,3.0,7.0,4.0,8.0,12.0,11.0,9.0
2018-05-22 01:00:00,8.0,9.0,11.0,7.0,4.0,8.0,3.0,12.0,17.0,39.0,15.0,13.0,6.0,14.0,15.0,9.0,3.0,14.0,6.0,11.0,11.0,7.0,7.0
2018-05-22 02:00:00,15.0,8.0,8.0,6.0,5.0,6.0,4.0,10.0,27.0,26.0,17.0,11.0,6.0,11.0,14.0,11.0,3.0,9.0,6.0,10.0,17.0,6.0,8.0
2018-05-22 03:00:00,20.0,9.0,11.0,6.0,5.0,8.0,4.0,8.0,20.0,27.0,18.0,20.0,6.0,23.0,12.0,14.0,3.0,10.0,6.0,23.0,15.0,7.0,11.0
2018-05-22 04:00:00,16.0,15.0,21.0,6.0,5.0,10.0,4.0,10.0,22.0,39.0,37.0,26.0,6.0,35.0,12.0,20.0,4.0,15.0,6.0,21.0,19.0,6.0,12.0
2018-05-22 05:00:00,19.0,26.0,36.0,11.0,8.0,12.0,4.0,18.0,30.0,46.0,53.0,42.0,6.0,34.0,16.0,35.0,4.0,26.0,10.0,25.0,35.0,6.0,15.0
2018-05-22 06:00:00,60.0,57.0,47.0,35.0,13.0,33.0,4.0,43.0,42.0,55.0,68.0,73.0,12.0,61.0,40.0,52.0,5.0,44.0,13.0,44.0,49.0,7.0,35.0
2018-05-22 07:00:00,51.0,48.0,72.0,16.0,12.0,32.0,3.0,58.0,45.0,50.0,53.0,66.0,12.0,64.0,49.0,62.0,7.0,52.0,11.0,38.0,39.0,7.0,22.0
2018-05-22 08:00:00,38.0,46.0,54.0,12.0,9.0,29.0,4.0,34.0,44.0,41.0,45.0,43.0,9.0,58.0,32.0,41.0,6.0,35.0,4.0,31.0,36.0,8.0,45.0
2018-05-22 09:00:00,13.0,46.0,39.0,12.0,10.0,31.0,3.0,20.0,23.0,37.0,47.0,24.0,7.0,38.0,46.0,41.0,5.0,19.0,7.0,20.0,18.0,8.0,70.0
2018-05-22 10:00:00,7.0,35.0,33.0,10.0,9.0,26.0,4.0,20.0,15.0,27.0,35.0,17.0,8.0,26.0,40.0,23.0,4.0,14.0,6.0,14.0,12.0,7.0,6.0
2018-05-22 11:00:00,8.0,36.0,91.0,15.0,6.0,19.0,3.0,22.0,13.0,23.0,23.0,17.0,9.0,26.0,38.0,11.0,4.0,10.0,5.0,11.0,9.0,6.0,5.0
2018-05-22 12:00:00,9.0,32.0,98.0,11.0,6.0,11.0,3.0,29.0,19.0,24.0,17.0,15.0,9.0,24.0,26.0,7.0,4.0,9.0,5.0,11.0,6.0,6.0,6.0
2018-05-22 13:00:00,9.0,30.0,6.0,9.0,6.0,9.0,3.0,15.0,40.0,24.0,12.0,13.0,12.0,19.0,19.0,0.4,4.0,9.0,6.0,12.0,7.0,5.0,5.0
2018-05-22 14:00:00,10.0,23.0,16.0,11.0,5.0,5.0,3.0,8.0,27.0,29.0,17.0,18.0,5.0,24.0,37.0,0.4,3.0,11.0,4.0,11.0,6.0,5.0,5.0
2018-05-22 15:00:00,22.0,31.0,27.0,8.0,4.0,16.0,3.0,7.0,23.0,45.0,40.0,43.0,6.0,39.0,45.0,0.4,4.0,43.0,6.0,32.0,24.0,5.0,6.0
2018-05-22 16:00:00,29.0,25.0,32.0,14.0,17.0,22.0,3.0,14.0,21.0,56.0,46.0,51.0,9.0,45.0,56.0,109.0,5.0,54.0,19.0,30.0,40.0,6.0,14.0
2018-05-22 17:00:00,29.0,25.0,48.0,17.0,16.0,24.0,4.0,14.0,35.0,64.0,65.0,68.0,9.0,59.0,38.0,45.0,4.0,77.0,5.0,29.0,47.0,6.0,8.0
2018-05-22 18:00:00,41.0,27.0,37.0,12.0,12.0,20.0,5.0,20.0,40.0,64.0,86.0,64.0,8.0,77.0,33.0,35.0,4.0,55.0,5.0,28.0,49.0,6.0,12.0
2018-05-22 19:00:00,42.0,23.0,51.0,15.0,12.0,22.0,6.0,32.0,53.0,75.0,86.0,70.0,11.0,72.0,33.0,35.0,4.0,61.0,7.0,27.0,24.0,8.0,16.0
2018-05-22 20:00:00,54.0,27.0,67.0,13.0,15.0,19.0,5.0,20.0,58.0,68.0,85.0,71.0,16.0,71.0,39.0,68.0,7.0,65.0,14.0,23.0,31.0,9.0,17.0
2018-05-22 21:00:00,54.0,47.0,88.0,11.0,22.0,38.0,3.0,30.0,53.0,75.0,85.0,86.0,17.0,89.0,44.0,78.0,6.0,66.0,15.0,23.0,42.0,18.0,38.0
2018-05-22 22:00:00,28.0,40.0,98.0,10.0,19.0,31.0,3.0,28.0,39.0,72.0,92.0,94.0,11.0,107.0,63.0,94.0,5.0,66.0,10.0,33.0,57.0,13.0,15.0
2018-05-22 23:00:00,13.0,36.0,100.0,10.0,12.0,28.0,3.0,27.0,41.0,63.0,88.0,92.0,10.0,101.0,88.0,75.0,4.0,35.0,11.0,17.0,43.0,13.0,7.0
2018-05-23 00:00:00,31.0,48.0,84.0,14.0,9.0,29.0,3.0,14.0,31.0,49.0,98.0,102.0,7.0,100.0,50.0,66.0,4.0,36.0,10.0,24.0,60.0,12.0,17.0
2018-05-23 01:00:00,21.0,26.0,82.0,10.0,7.0,16.0,3.0,12.0,18.0,47.0,105.0,95.0,8.0,92.0,26.0,79.0,3.0,19.0,6.0,20.0,55.0,11.0,21.0
2018-05-23 02:00:00,34.0,19.0,45.0,8.0,8.0,22.0,3.0,11.0,27.0,52.0,99.0,87.0,7.0,77.0,14.0,72.0,4.0,18.0,7.0,23.0,37.0,12.0,19.0
2018-05-23 03:00:00,27.0,12.0,45.0,8.0,10.0,14.0,3.0,11.0,24.0,36.0,59.0,75.0,6.0,65.0,12.0,50.0,4.0,29.0,6.0,18.0,31.0,11.0,28.0
2018-05-23 04:00:00,28.0,11.0,44.0,7.0,8.0,15.0,3.0,13.0,19.0,37.0,61.0,53.0,6.0,58.0,15.0,47.0,3.0,36.0,5.0,21.0,31.0,10.0,10.0
2018-05-23 05:00:00,42.0,17.0,46.0,7.0,8.0,24.0,3.0,34.0,33.0,41.0,70.0,60.0,7.0,57.0,16.0,49.0,3.0,35.0,6.0,25.0,46.0,10.0,15.0
2018-05-23 06:00:00,42.0,37.0,54.0,11.0,12.0,40.0,4.0,45.0,45.0,49.0,72.0,63.0,8.0,62.0,39.0,53.0,4.0,55.0,8.0,34.0,49.0,10.0,45.0
2018-05-23 07:00:00,45.0,42.0,58.0,24.0,11.0,32.0,4.0,37.0,50.0,52.0,79.0,74.0,17.0,62.0,34.0,61.0,4.0,54.0,17.0,46.0,48.0,9.0,14.0
2018-05-23 08:00:00,48.0,0.2,61.0,38.0,10.0,27.0,0.3,37.0,54.0,53.0,71.0,64.0,19.0,69.0,49.0,60.0,3.0,50.0,16.0,52.0,26.0,8.0,10.0
2018-05-23 09:00:00,27.0,0.2,52.0,7.0,68.0,25.0,2.0,24.0,22.0,53.0,49.0,43.0,9.0,47.0,42.0,46.0,4.0,22.0,10.0,45.0,17.0,12.0,8.0
2018-05-23 10:00:00,12.0,0.2,35.0,6.0,89.0,9.0,3.0,25.0,14.0,34.0,42.0,25.0,7.0,39.0,37.0,35.0,3.0,14.0,9.0,16.0,12.0,17.0,8.0
2018-05-23 11:00:00,9.0,16.0,29.0,6.0,5.0,8.0,3.0,17.0,13.0,29.0,35.0,16.0,6.0,28.0,40.0,26.0,3.0,11.0,8.0,11.0,9.0,21.0,9.0
2018-05-23 12:00:00,10.0,23.0,18.0,11.0,4.0,6.0,0.3,14.0,8.0,23.0,21.0,14.0,5.0,20.0,30.0,18.0,3.0,14.0,7.0,10.0,0.1,15.0,8.0
2018-05-23 13:00:00,8.0,18.0,10.0,10.0,4.0,6.0,0.3,15.0,21.0,20.0,13.0,9.0,6.0,14.0,17.0,6.0,4.0,8.0,8.0,11.0,8.0,8.0,7.0
2018-05-23 14:00:00,7.0,15.0,5.0,8.0,7.0,7.0,0.3,17.0,16.0,17.0,11.0,9.0,8.0,15.0,11.0,6.0,3.0,8.0,6.0,9.0,8.0,6.0,9.0
2018-05-23 15:00:00,9.0,17.0,6.0,12.0,6.0,16.0,5.0,18.0,19.0,18.0,12.0,9.0,9.0,14.0,8.0,7.0,3.0,7.0,7.0,12.0,10.0,6.0,7.0
2018-05-23 16:00:00,9.0,25.0,7.0,12.0,4.0,16.0,5.0,20.0,18.0,17.0,11.0,10.0,8.0,14.0,7.0,6.0,4.0,10.0,6.0,14.0,9.0,5.0,8.0
2018-05-23 17:00:00,7.0,23.0,8.0,11.0,6.0,9.0,7.0,22.0,15.0,19.0,16.0,14.0,8.0,15.0,7.0,6.0,3.0,11.0,6.0,10.0,9.0,5.0,7.0
2018-05-23 18:00:00,12.0,27.0,15.0,13.0,13.0,18.0,8.0,21.0,13.0,24.0,21.0,21.0,9.0,26.0,12.0,10.0,3.0,17.0,7.0,14.0,13.0,5.0,9.0
2018-05-23 19:00:00,17.0,24.0,26.0,16.0,11.0,21.0,8.0,20.0,19.0,26.0,37.0,32.0,9.0,44.0,11.0,22.0,4.0,45.0,9.0,20.0,12.0,4.0,9.0
2018-05-23 20:00:00,23.0,43.0,55.0,20.0,12.0,30.0,6.0,23.0,20.0,64.0,59.0,56.0,6.0,82.0,40.0,49.0,6.0,66.0,7.0,24.0,24.0,6.0,13.0
2018-05-23 21:00:00,31.0,28.0,61.0,14.0,31.0,36.0,4.0,19.0,52.0,76.0,85.0,89.0,9.0,85.0,51.0,82.0,7.0,72.0,11.0,25.0,50.0,8.0,29.0
2018-05-23 22:00:00,38.0,35.0,95.0,10.0,36.0,29.0,4.0,12.0,35.0,48.0,90.0,83.0,8.0,87.0,30.0,77.0,5.0,76.0,5.0,45.0,49.0,10.0,28.0
2018-05-23 23:00:00,35.0,36.0,62.0,6.0,28.0,36.0,4.0,10.0,40.0,46.0,79.0,100.0,7.0,73.0,28.0,63.0,4.0,55.0,6.0,35.0,39.0,15.0,36.0
2018-05-24 00:00:00,23.0,15.0,31.0,5.0,21.0,28.0,3.0,10.0,37.0,33.0,66.0,85.0,7.0,60.0,37.0,58.0,5.0,36.0,5.0,16.0,37.0,10.0,26.0
2018-05-24 01:00:00,20.0,9.0,48.0,6.0,11.0,18.0,3.0,7.0,36.0,22.0,82.0,67.0,8.0,57.0,19.0,46.0,5.0,29.0,6.0,14.0,53.0,9.0,15.0
2018-05-24 02:00:00,17.0,8.0,58.0,6.0,6.0,14.0,3.0,7.0,29.0,31.0,65.0,40.0,7.0,44.0,13.0,64.0,5.0,22.0,4.0,22.0,28.0,8.0,8.0
2018-05-24 03:00:00,15.0,6.0,24.0,5.0,8.0,12.0,3.0,4.0,14.0,27.0,38.0,33.0,6.0,27.0,10.0,28.0,6.0,20.0,4.0,11.0,29.0,7.0,10.0
2018-05-24 04:00:00,26.0,6.0,12.0,5.0,6.0,20.0,3.0,6.0,16.0,24.0,37.0,24.0,6.0,26.0,8.0,14.0,6.0,18.0,4.0,15.0,32.0,9.0,8.0
2018-05-24 05:00:00,42.0,12.0,19.0,6.0,6.0,21.0,3.0,10.0,16.0,36.0,42.0,41.0,7.0,31.0,10.0,16.0,5.0,22.0,6.0,26.0,31.0,7.0,12.0
2018-05-24 06:00:00,43.0,23.0,49.0,6.0,10.0,29.0,3.0,35.0,53.0,53.0,68.0,55.0,11.0,59.0,21.0,50.0,4.0,38.0,8.0,45.0,46.0,6.0,18.0
2018-05-24 07:00:00,0.4,33.0,60.0,8.0,13.0,34.0,3.0,38.0,53.0,53.0,78.0,59.0,19.0,59.0,26.0,51.0,4.0,56.0,19.0,38.0,43.0,6.0,11.0
2018-05-24 08:00:00,40.0,27.0,46.0,12.0,10.0,26.0,3.0,25.0,35.0,52.0,71.0,43.0,9.0,56.0,28.0,45.0,4.0,50.0,14.0,30.0,23.0,7.0,9.0
2018-05-24 09:00:00,0.4,13.0,38.0,64.0,8.0,40.0,3.0,21.0,28.0,46.0,52.0,0.1,6.0,46.0,22.0,38.0,3.0,44.0,6.0,18.0,16.0,10.0,7.0
2018-05-24 10:00:00,2.0,12.0,32.0,73.0,5.0,12.0,3.0,19.0,17.0,42.0,47.0,26.0,5.0,36.0,32.0,33.0,2.0,33.0,11.0,18.0,19.0,13.0,7.0
2018-05-24 11:00:00,0.3,12.0,26.0,13.0,6.0,15.0,2.0,15.0,14.0,37.0,45.0,23.0,7.0,89.0,69.0,28.0,2.0,31.0,17.0,20.0,14.0,14.0,14.0
2018-05-24 12:00:00,13.0,21.0,30.0,89.0,4.0,17.0,2.0,19.0,21.0,49.0,47.0,21.0,9.0,89.0,89.0,28.0,2.0,40.0,16.0,25.0,15.0,19.0,10.0
2018-05-24 13:00:00,17.0,16.0,30.0,11.0,4.0,11.0,2.0,25.0,24.0,44.0,38.0,23.0,7.0,32.0,83.0,27.0,2.0,30.0,14.0,17.0,12.0,20.0,5.0
2018-05-24 14:00:00,11.0,12.0,24.0,5.0,4.0,9.0,2.0,20.0,23.0,35.0,30.0,14.0,5.0,28.0,21.0,22.0,2.0,14.0,8.0,11.0,9.0,16.0,4.0
2018-05-24 15:00:00,0.3,13.0,15.0,5.0,3.0,6.0,2.0,18.0,21.0,31.0,23.0,10.0,6.0,18.0,20.0,17.0,2.0,13.0,7.0,9.0,13.0,13.0,6.0
2018-05-24 16:00:00,6.0,13.0,11.0,5.0,3.0,9.0,2.0,24.0,13.0,33.0,20.0,13.0,5.0,18.0,21.0,13.0,2.0,12.0,8.0,11.0,15.0,6.0,9.0
2018-05-24 17:00:00,7.0,19.0,13.0,9.0,4.0,7.0,2.0,30.0,16.0,32.0,20.0,20.0,7.0,18.0,23.0,13.0,2.0,16.0,11.0,10.0,13.0,6.0,8.0
2018-05-24 18:00:00,9.0,21.0,15.0,8.0,4.0,7.0,2.0,35.0,32.0,36.0,26.0,30.0,8.0,23.0,15.0,19.0,3.0,19.0,8.0,9.0,13.0,5.0,9.0
2018-05-24 19:00:00,9.0,22.0,13.0,9.0,5.0,9.0,2.0,36.0,24.0,37.0,21.0,30.0,7.0,22.0,19.0,17.0,3.0,15.0,8.0,12.0,15.0,4.0,11.0
2018-05-24 20:00:00,10.0,30.0,12.0,7.0,6.0,11.0,3.0,24.0,27.0,32.0,24.0,17.0,6.0,24.0,15.0,12.0,4.0,14.0,7.0,12.0,14.0,5.0,22.0
2018-05-24 21:00:00,7.0,21.0,10.0,7.0,10.0,12.0,3.0,27.0,45.0,28.0,21.0,15.0,7.0,23.0,14.0,9.0,4.0,11.0,6.0,10.0,8.0,6.0,22.0
2018-05-24 22:00:00,7.0,14.0,9.0,7.0,9.0,8.0,3.0,16.0,46.0,19.0,18.0,15.0,9.0,16.0,13.0,10.0,2.0,10.0,4.0,8.0,7.0,5.0,10.0
2018-05-24 23:00:00,6.0,17.0,8.0,6.0,8.0,8.0,3.0,14.0,26.0,20.0,16.0,12.0,7.0,13.0,8.0,8.0,3.0,12.0,3.0,6.0,5.0,4.0,5.0
2018-05-25 00:00:00,8.0,11.0,6.0,13.0,4.0,6.0,4.0,5.0,10.0,18.0,16.0,7.0,7.0,8.0,6.0,7.0,5.0,11.0,3.0,10.0,3.0,3.0,6.0
2018-05-25 01:00:00,9.0,5.0,9.0,6.0,5.0,6.0,5.0,4.0,11.0,19.0,15.0,7.0,4.0,10.0,7.0,7.0,4.0,11.0,2.0,11.0,4.0,4.0,5.0
2018-05-25 02:00:00,7.0,12.0,5.0,5.0,3.0,82.0,3.0,3.0,9.0,18.0,13.0,5.0,4.0,8.0,5.0,4.0,3.0,10.0,2.0,10.0,5.0,3.0,4.0
2018-05-25 03:00:00,6.0,8.0,5.0,6.0,2.0,65.0,3.0,3.0,7.0,20.0,14.0,12.0,4.0,8.0,6.0,5.0,4.0,6.0,2.0,12.0,9.0,3.0,3.0
2018-05-25 04:00:00,7.0,6.0,8.0,4.0,3.0,65.0,2.0,7.0,8.0,20.0,24.0,16.0,4.0,16.0,10.0,10.0,3.0,6.0,4.0,11.0,10.0,4.0,4.0
2018-05-25 05:00:00,23.0,19.0,13.0,6.0,8.0,73.0,2.0,9.0,11.0,24.0,23.0,21.0,5.0,21.0,8.0,11.0,3.0,22.0,3.0,18.0,8.0,4.0,7.0
2018-05-25 06:00:00,46.0,32.0,25.0,20.0,17.0,60.0,2.0,12.0,20.0,51.0,37.0,28.0,6.0,36.0,18.0,21.0,4.0,47.0,5.0,41.0,27.0,4.0,12.0
2018-05-25 07:00:00,61.0,35.0,49.0,29.0,19.0,72.0,3.0,36.0,49.0,67.0,64.0,73.0,10.0,59.0,41.0,51.0,9.0,91.0,8.0,63.0,47.0,4.0,20.0
2018-05-25 08:00:00,68.0,31.0,56.0,21.0,9.0,67.0,2.0,18.0,72.0,0.1,75.0,77.0,7.0,57.0,45.0,52.0,9.0,85.0,9.0,64.0,35.0,4.0,19.0
2018-05-25 09:00:00,46.0,30.0,48.0,16.0,8.0,27.0,2.0,25.0,46.0,0.1,42.0,65.0,8.0,52.0,36.0,40.0,14.0,79.0,8.0,42.0,45.0,8.0,28.0
2018-05-25 10:00:00,29.0,31.0,42.0,13.0,11.0,41.0,4.0,15.0,45.0,0.1,51.0,80.0,7.0,52.0,47.0,34.0,16.0,66.0,9.0,30.0,49.0,8.0,20.0
2018-05-25 11:00:00,26.0,28.0,44.0,18.0,17.0,33.0,2.0,11.0,56.0,87.0,56.0,51.0,7.0,46.0,36.0,37.0,1.0,60.0,4.0,38.0,58.0,6.0,21.0
2018-05-25 12:00:00,28.0,36.0,26.0,24.0,20.0,35.0,2.0,11.0,50.0,89.0,60.0,38.0,9.0,47.0,24.0,23.0,9.0,75.0,71.0,59.0,57.0,5.0,22.0
2018-05-25 13:00:00,41.0,30.0,21.0,17.0,12.0,23.0,3.0,9.0,42.0,69.0,46.0,33.0,8.0,31.0,22.0,16.0,7.0,72.0,3.0,72.0,38.0,4.0,14.0
2018-05-25 14:00:00,41.0,12.0,19.0,11.0,10.0,25.0,5.0,6.0,10.0,56.0,27.0,27.0,7.0,30.0,9.0,11.0,6.0,41.0,3.0,56.0,18.0,6.0,9.0
2018-05-25 15:00:00,15.0,18.0,25.0,13.0,4.0,9.0,3.0,11.0,10.0,54.0,23.0,27.0,5.0,32.0,16.0,14.0,4.0,20.0,4.0,29.0,11.0,7.0,5.0
2018-05-25 16:00:00,7.0,26.0,15.0,22.0,4.0,7.0,2.0,13.0,11.0,38.0,17.0,10.0,5.0,23.0,19.0,10.0,3.0,15.0,7.0,17.0,10.0,3.0,8.0
2018-05-25 17:00:00,7.0,22.0,12.0,18.0,5.0,6.0,2.0,26.0,29.0,35.0,20.0,13.0,9.0,16.0,19.0,8.0,3.0,13.0,5.0,8.0,10.0,3.0,7.0
2018-05-25 18:00:00,6.0,17.0,25.0,10.0,8.0,8.0,2.0,20.0,41.0,35.0,39.0,27.0,12.0,32.0,27.0,22.0,3.0,16.0,3.0,7.0,14.0,3.0,8.0
2018-05-25 19:00:00,18.0,12.0,25.0,10.0,12.0,24.0,3.0,13.0,64.0,53.0,33.0,36.0,11.0,46.0,38.0,21.0,3.0,47.0,7.0,23.0,16.0,3.0,14.0
2018-05-25 20:00:00,34.0,17.0,35.0,14.0,15.0,34.0,10.0,27.0,68.0,54.0,44.0,65.0,9.0,68.0,54.0,38.0,16.0,58.0,14.0,31.0,18.0,4.0,22.0
2018-05-25 21:00:00,42.0,56.0,48.0,11.0,19.0,51.0,7.0,28.0,78.0,91.0,36.0,62.0,6.0,56.0,48.0,35.0,24.0,66.0,13.0,37.0,18.0,5.0,25.0
2018-05-25 22:00:00,46.0,40.0,34.0,12.0,20.0,32.0,4.0,13.0,42.0,83.0,28.0,51.0,7.0,54.0,26.0,44.0,17.0,54.0,6.0,51.0,16.0,5.0,21.0
2018-05-25 23:00:00,49.0,23.0,28.0,25.0,21.0,33.0,4.0,17.0,36.0,76.0,23.0,52.0,7.0,50.0,23.0,34.0,15.0,63.0,5.0,57.0,14.0,4.0,23.0
2018-05-26 00:00:00,36.0,37.0,20.0,21.0,10.0,28.0,4.0,37.0,28.0,69.0,17.0,44.0,5.0,36.0,16.0,15.0,15.0,54.0,6.0,48.0,11.0,5.0,18.0
2018-05-26 01:00:00,30.0,48.0,9.0,22.0,12.0,24.0,4.0,14.0,26.0,71.0,17.0,30.0,6.0,18.0,18.0,11.0,14.0,34.0,5.0,38.0,7.0,4.0,12.0
2018-05-26 02:00:00,38.0,38.0,8.0,17.0,10.0,12.0,3.0,13.0,24.0,65.0,15.0,16.0,4.0,14.0,8.0,11.0,11.0,23.0,6.0,30.0,6.0,4.0,10.0
2018-05-26 03:00:00,26.0,29.0,12.0,21.0,9.0,13.0,3.0,12.0,18.0,51.0,12.0,12.0,4.0,14.0,6.0,12.0,8.0,24.0,6.0,25.0,7.0,4.0,10.0
2018-05-26 04:00:00,25.0,28.0,5.0,10.0,9.0,15.0,3.0,12.0,18.0,38.0,15.0,12.0,4.0,13.0,7.0,6.0,7.0,35.0,4.0,30.0,8.0,4.0,10.0
2018-05-26 05:00:00,20.0,26.0,14.0,10.0,7.0,10.0,3.0,11.0,17.0,37.0,19.0,11.0,5.0,16.0,7.0,8.0,8.0,28.0,4.0,32.0,10.0,4.0,9.0
2018-05-26 06:00:00,16.0,20.0,13.0,20.0,8.0,11.0,3.0,17.0,27.0,36.0,28.0,29.0,7.0,28.0,10.0,10.0,7.0,16.0,5.0,24.0,34.0,3.0,25.0
2018-05-26 07:00:00,13.0,34.0,24.0,22.0,5.0,15.0,2.0,21.0,28.0,36.0,34.0,29.0,7.0,33.0,18.0,22.0,6.0,18.0,5.0,25.0,23.0,4.0,8.0
2018-05-26 08:00:00,10.0,40.0,18.0,15.0,5.0,9.0,4.0,23.0,23.0,33.0,25.0,26.0,7.0,28.0,16.0,26.0,5.0,19.0,5.0,23.0,15.0,3.0,7.0
2018-05-26 09:00:00,8.0,29.0,21.0,16.0,5.0,12.0,8.0,15.0,21.0,28.0,17.0,12.0,8.0,20.0,14.0,10.0,5.0,10.0,4.0,18.0,11.0,5.0,9.0
2018-05-26 10:00:00,10.0,30.0,13.0,15.0,6.0,8.0,5.0,14.0,11.0,24.0,14.0,8.0,5.0,15.0,15.0,6.0,5.0,5.0,3.0,12.0,11.0,4.0,5.0
2018-05-26 11:00:00,9.0,27.0,6.0,16.0,6.0,6.0,4.0,11.0,8.0,22.0,14.0,8.0,6.0,11.0,12.0,4.0,3.0,7.0,9.0,8.0,8.0,4.0,5.0
2018-05-26 12:00:00,7.0,18.0,5.0,20.0,10.0,4.0,4.0,10.0,9.0,21.0,14.0,8.0,5.0,13.0,10.0,4.0,3.0,6.0,6.0,8.0,4.0,5.0,6.0
2018-05-26 13:00:00,6.0,9.0,4.0,14.0,7.0,4.0,5.0,10.0,9.0,20.0,11.0,9.0,5.0,9.0,8.0,3.0,3.0,9.0,6.0,8.0,4.0,6.0,5.0
2018-05-26 14:00:00,7.0,8.0,3.0,11.0,7.0,4.0,5.0,7.0,6.0,19.0,9.0,6.0,4.0,8.0,6.0,3.0,3.0,6.0,4.0,8.0,4.0,5.0,4.0
2018-05-26 15:00:00,6.0,7.0,2.0,10.0,5.0,4.0,4.0,6.0,5.0,17.0,10.0,7.0,4.0,8.0,5.0,3.0,3.0,5.0,2.0,8.0,4.0,5.0,4.0
2018-05-26 16:00:00,8.0,5.0,3.0,8.0,4.0,3.0,3.0,6.0,6.0,20.0,8.0,6.0,4.0,8.0,5.0,3.0,3.0,6.0,2.0,8.0,3.0,5.0,5.0
2018-05-26 17:00:00,8.0,6.0,3.0,10.0,4.0,4.0,3.0,6.0,7.0,19.0,9.0,6.0,4.0,8.0,4.0,3.0,3.0,7.0,3.0,7.0,4.0,5.0,7.0
2018-05-26 18:00:00,8.0,7.0,4.0,10.0,6.0,4.0,3.0,9.0,12.0,21.0,10.0,10.0,5.0,8.0,5.0,4.0,3.0,11.0,6.0,8.0,3.0,5.0,11.0
2018-05-26 19:00:00,13.0,16.0,8.0,15.0,8.0,6.0,4.0,13.0,28.0,24.0,11.0,12.0,6.0,15.0,7.0,6.0,4.0,22.0,7.0,10.0,5.0,5.0,11.0
2018-05-26 20:00:00,14.0,18.0,11.0,17.0,18.0,8.0,4.0,14.0,42.0,31.0,18.0,19.0,7.0,31.0,15.0,15.0,4.0,38.0,9.0,31.0,9.0,6.0,10.0
2018-05-26 21:00:00,49.0,18.0,36.0,17.0,24.0,34.0,4.0,12.0,40.0,71.0,21.0,41.0,9.0,43.0,27.0,39.0,6.0,72.0,9.0,35.0,18.0,10.0,15.0
2018-05-26 22:00:00,55.0,24.0,41.0,21.0,30.0,21.0,3.0,22.0,28.0,93.0,32.0,53.0,9.0,66.0,34.0,43.0,5.0,73.0,7.0,45.0,32.0,7.0,24.0
2018-05-26 23:00:00,48.0,40.0,44.0,18.0,34.0,25.0,3.0,29.0,35.0,98.0,69.0,89.0,7.0,66.0,72.0,57.0,7.0,86.0,11.0,52.0,45.0,6.0,25.0
2018-05-27 00:00:00,67.0,46.0,45.0,13.0,37.0,28.0,3.0,25.0,29.0,84.0,62.0,90.0,8.0,65.0,55.0,49.0,6.0,77.0,10.0,38.0,41.0,7.0,15.0
2018-05-27 01:00:00,47.0,22.0,61.0,8.0,31.0,23.0,3.0,20.0,22.0,50.0,41.0,86.0,8.0,65.0,43.0,58.0,6.0,67.0,9.0,28.0,45.0,6.0,11.0
2018-05-27 02:00:00,30.0,28.0,38.0,8.0,12.0,19.0,3.0,8.0,21.0,35.0,56.0,69.0,6.0,63.0,21.0,58.0,5.0,52.0,8.0,22.0,41.0,5.0,10.0
2018-05-27 03:00:00,22.0,22.0,52.0,9.0,10.0,19.0,3.0,7.0,22.0,28.0,63.0,60.0,6.0,51.0,11.0,42.0,4.0,30.0,6.0,20.0,39.0,5.0,10.0
2018-05-27 04:00:00,17.0,10.0,39.0,6.0,9.0,15.0,3.0,7.0,23.0,28.0,55.0,54.0,6.0,47.0,9.0,43.0,3.0,22.0,6.0,16.0,42.0,5.0,10.0
2018-05-27 05:00:00,15.0,9.0,25.0,5.0,10.0,19.0,2.0,11.0,21.0,25.0,43.0,45.0,6.0,42.0,10.0,40.0,3.0,23.0,7.0,16.0,30.0,4.0,16.0
2018-05-27 06:00:00,18.0,11.0,23.0,4.0,12.0,17.0,2.0,17.0,26.0,24.0,44.0,40.0,6.0,41.0,13.0,36.0,3.0,21.0,8.0,18.0,29.0,4.0,20.0
2018-05-27 07:00:00,15.0,8.0,23.0,5.0,9.0,15.0,2.0,16.0,22.0,27.0,36.0,31.0,8.0,31.0,11.0,26.0,4.0,15.0,6.0,20.0,23.0,4.0,17.0
2018-05-27 08:00:00,17.0,8.0,22.0,5.0,5.0,13.0,2.0,14.0,21.0,32.0,32.0,20.0,7.0,26.0,12.0,20.0,4.0,15.0,5.0,16.0,16.0,4.0,10.0
2018-05-27 09:00:00,18.0,10.0,17.0,5.0,5.0,11.0,2.0,12.0,10.0,27.0,27.0,15.0,6.0,26.0,16.0,17.0,5.0,12.0,3.0,13.0,11.0,5.0,4.0
2018-05-27 10:00:00,14.0,11.0,16.0,5.0,7.0,11.0,2.0,9.0,6.0,27.0,20.0,10.0,4.0,17.0,12.0,18.0,4.0,8.0,3.0,9.0,10.0,5.0,4.0
2018-05-27 11:00:00,12.0,9.0,12.0,6.0,5.0,7.0,2.0,8.0,5.0,29.0,18.0,10.0,7.0,11.0,11.0,13.0,4.0,11.0,4.0,9.0,8.0,6.0,5.0
2018-05-27 12:00:00,9.0,7.0,8.0,6.0,4.0,4.0,2.0,7.0,7.0,23.0,15.0,9.0,4.0,10.0,7.0,6.0,3.0,8.0,4.0,8.0,5.0,6.0,5.0
2018-05-27 13:00:00,10.0,5.0,5.0,11.0,4.0,4.0,2.0,8.0,7.0,27.0,11.0,8.0,4.0,8.0,7.0,5.0,3.0,8.0,4.0,9.0,4.0,6.0,5.0
2018-05-27 14:00:00,11.0,5.0,4.0,7.0,3.0,4.0,3.0,7.0,6.0,24.0,10.0,6.0,4.0,7.0,5.0,4.0,3.0,8.0,4.0,11.0,3.0,6.0,4.0
2018-05-27 15:00:00,11.0,5.0,4.0,7.0,4.0,4.0,2.0,5.0,10.0,19.0,10.0,6.0,4.0,7.0,5.0,4.0,4.0,7.0,3.0,8.0,3.0,5.0,5.0
2018-05-27 16:00:00,8.0,4.0,4.0,6.0,5.0,4.0,2.0,4.0,11.0,20.0,9.0,6.0,4.0,9.0,5.0,4.0,4.0,8.0,3.0,7.0,3.0,4.0,7.0
2018-05-27 17:00:00,8.0,5.0,6.0,5.0,5.0,6.0,2.0,8.0,15.0,19.0,12.0,11.0,5.0,10.0,9.0,6.0,4.0,12.0,4.0,10.0,3.0,3.0,11.0
2018-05-27 18:00:00,13.0,7.0,13.0,6.0,6.0,14.0,2.0,7.0,22.0,24.0,19.0,16.0,5.0,20.0,14.0,10.0,4.0,20.0,6.0,12.0,5.0,2.0,7.0
2018-05-27 19:00:00,8.0,8.0,8.0,8.0,7.0,15.0,2.0,5.0,32.0,30.0,16.0,17.0,7.0,14.0,8.0,7.0,4.0,17.0,7.0,11.0,6.0,3.0,13.0
2018-05-27 20:00:00,11.0,10.0,17.0,8.0,8.0,9.0,2.0,18.0,23.0,30.0,22.0,19.0,6.0,23.0,8.0,16.0,3.0,20.0,3.0,7.0,8.0,3.0,16.0
2018-05-27 21:00:00,9.0,14.0,13.0,6.0,6.0,9.0,2.0,12.0,13.0,24.0,19.0,19.0,5.0,21.0,15.0,10.0,2.0,10.0,3.0,7.0,14.0,4.0,16.0
2018-05-27 22:00:00,7.0,10.0,12.0,6.0,6.0,6.0,2.0,11.0,9.0,24.0,15.0,12.0,5.0,14.0,15.0,12.0,6.0,9.0,3.0,6.0,11.0,3.0,6.0
2018-05-27 23:00:00,12.0,12.0,12.0,7.0,8.0,5.0,2.0,8.0,13.0,21.0,16.0,11.0,4.0,11.0,12.0,14.0,3.0,9.0,5.0,9.0,9.0,2.0,5.0
2018-05-28 00:00:00,18.0,7.0,13.0,6.0,5.0,10.0,2.0,4.0,14.0,24.0,19.0,16.0,5.0,13.0,10.0,13.0,3.0,7.0,3.0,9.0,5.0,3.0,4.0
2018-05-28 01:00:00,9.0,7.0,9.0,5.0,4.0,9.0,2.0,4.0,7.0,22.0,19.0,13.0,4.0,11.0,9.0,12.0,4.0,10.0,3.0,9.0,7.0,3.0,5.0
2018-05-28 02:00:00,6.0,9.0,11.0,4.0,4.0,5.0,2.0,6.0,8.0,18.0,17.0,17.0,4.0,15.0,10.0,11.0,4.0,8.0,2.0,6.0,14.0,3.0,5.0
2018-05-28 03:00:00,4.0,14.0,12.0,6.0,5.0,5.0,2.0,5.0,7.0,17.0,18.0,15.0,4.0,18.0,9.0,11.0,4.0,5.0,2.0,6.0,10.0,3.0,7.0
2018-05-28 04:00:00,8.0,14.0,17.0,8.0,6.0,6.0,2.0,6.0,9.0,18.0,21.0,14.0,4.0,14.0,10.0,14.0,4.0,6.0,2.0,6.0,10.0,3.0,8.0
2018-05-28 05:00:00,12.0,12.0,19.0,7.0,13.0,24.0,2.0,7.0,26.0,22.0,26.0,21.0,7.0,21.0,8.0,13.0,4.0,16.0,3.0,9.0,12.0,3.0,9.0
2018-05-28 06:00:00,21.0,19.0,19.0,13.0,12.0,34.0,2.0,14.0,45.0,46.0,32.0,47.0,10.0,32.0,5.0,27.0,5.0,27.0,4.0,33.0,31.0,4.0,13.0
2018-05-28 07:00:00,31.0,27.0,28.0,15.0,19.0,23.0,2.0,30.0,47.0,59.0,32.0,66.0,8.0,55.0,15.0,30.0,4.0,31.0,8.0,41.0,32.0,5.0,30.0
2018-05-28 08:00:00,34.0,25.0,48.0,9.0,16.0,28.0,2.0,27.0,47.0,67.0,49.0,49.0,9.0,52.0,36.0,47.0,5.0,34.0,7.0,41.0,34.0,4.0,22.0
2018-05-28 09:00:00,44.0,32.0,45.0,13.0,17.0,25.0,2.0,25.0,43.0,53.0,54.0,54.0,5.0,55.0,21.0,45.0,4.0,33.0,7.0,46.0,0.1,5.0,16.0
2018-05-28 10:00:00,34.0,61.0,39.0,10.0,11.0,21.0,2.0,18.0,31.0,51.0,60.0,44.0,4.0,59.0,20.0,37.0,4.0,22.0,6.0,55.0,0.1,4.0,12.0
2018-05-28 11:00:00,20.0,24.0,36.0,20.0,6.0,14.0,2.0,15.0,9.0,0.1,33.0,28.0,4.0,44.0,24.0,37.0,4.0,19.0,3.0,70.0,0.1,4.0,8.0
2018-05-28 12:00:00,15.0,17.0,33.0,10.0,4.0,11.0,2.0,13.0,8.0,0.1,32.0,17.0,4.0,30.0,15.0,34.0,5.0,15.0,7.0,90.0,0.1,76.0,7.0
2018-05-28 13:00:00,15.0,14.0,27.0,7.0,9.0,7.0,2.0,10.0,16.0,0.1,34.0,19.0,5.0,26.0,12.0,20.0,4.0,16.0,6.0,99.0,0.1,86.0,6.0
2018-05-28 14:00:00,13.0,11.0,11.0,11.0,10.0,10.0,2.0,9.0,23.0,0.1,32.0,24.0,5.0,36.0,6.0,9.0,4.0,27.0,3.0,28.0,0.1,2.0,9.0
2018-05-28 15:00:00,21.0,22.0,9.0,14.0,15.0,10.0,2.0,6.0,28.0,28.0,23.0,24.0,4.0,20.0,7.0,8.0,3.0,30.0,3.0,25.0,18.0,2.0,11.0
2018-05-28 16:00:00,25.0,35.0,15.0,12.0,11.0,12.0,2.0,7.0,19.0,37.0,25.0,18.0,6.0,23.0,24.0,11.0,4.0,20.0,3.0,23.0,17.0,3.0,15.0
2018-05-28 17:00:00,16.0,38.0,19.0,20.0,11.0,11.0,2.0,10.0,25.0,42.0,25.0,20.0,6.0,26.0,19.0,12.0,3.0,20.0,3.0,17.0,12.0,4.0,9.0
2018-05-28 18:00:00,38.0,26.0,35.0,10.0,8.0,14.0,2.0,31.0,32.0,63.0,33.0,35.0,5.0,46.0,29.0,37.0,3.0,39.0,7.0,24.0,13.0,3.0,10.0
2018-05-28 19:00:00,47.0,20.0,41.0,7.0,10.0,21.0,2.0,29.0,33.0,63.0,42.0,44.0,5.0,54.0,29.0,27.0,7.0,49.0,8.0,28.0,28.0,4.0,11.0
2018-05-28 20:00:00,39.0,18.0,41.0,6.0,18.0,17.0,2.0,23.0,24.0,50.0,59.0,50.0,7.0,57.0,22.0,39.0,6.0,49.0,8.0,18.0,44.0,5.0,9.0
2018-05-28 21:00:00,35.0,18.0,44.0,6.0,17.0,16.0,2.0,21.0,29.0,42.0,72.0,52.0,5.0,56.0,18.0,40.0,5.0,36.0,7.0,15.0,38.0,6.0,8.0
2018-05-28 22:00:00,25.0,13.0,41.0,5.0,19.0,19.0,2.0,13.0,51.0,40.0,74.0,51.0,6.0,55.0,13.0,47.0,4.0,24.0,7.0,14.0,42.0,8.0,10.0
2018-05-28 23:00:00,30.0,12.0,43.0,5.0,17.0,18.0,2.0,11.0,33.0,33.0,73.0,42.0,5.0,40.0,14.0,45.0,4.0,20.0,7.0,16.0,53.0,7.0,12.0
2018-05-29 00:00:00,33.0,16.0,43.0,7.0,16.0,21.0,1.0,8.0,29.0,39.0,59.0,31.0,5.0,36.0,15.0,46.0,4.0,21.0,5.0,23.0,46.0,6.0,8.0
2018-05-29 01:00:00,25.0,18.0,41.0,4.0,16.0,16.0,2.0,7.0,22.0,41.0,34.0,35.0,4.0,44.0,20.0,46.0,5.0,24.0,5.0,18.0,33.0,6.0,5.0
2018-05-29 02:00:00,20.0,7.0,39.0,5.0,8.0,22.0,2.0,6.0,17.0,34.0,30.0,31.0,4.0,39.0,14.0,38.0,4.0,23.0,5.0,20.0,24.0,6.0,7.0
2018-05-29 03:00:00,20.0,16.0,25.0,3.0,4.0,24.0,2.0,6.0,19.0,28.0,27.0,40.0,4.0,31.0,18.0,26.0,5.0,23.0,5.0,12.0,19.0,6.0,7.0
2018-05-29 04:00:00,30.0,10.0,18.0,3.0,7.0,11.0,3.0,7.0,16.0,34.0,47.0,22.0,5.0,21.0,11.0,19.0,4.0,14.0,5.0,15.0,29.0,5.0,8.0
2018-05-29 05:00:00,30.0,12.0,24.0,5.0,7.0,19.0,4.0,14.0,21.0,43.0,51.0,42.0,6.0,29.0,16.0,23.0,4.0,15.0,5.0,32.0,39.0,4.0,11.0
2018-05-29 06:00:00,31.0,20.0,46.0,15.0,9.0,22.0,4.0,40.0,37.0,47.0,52.0,41.0,14.0,44.0,28.0,44.0,4.0,28.0,11.0,33.0,38.0,5.0,11.0
2018-05-29 07:00:00,38.0,33.0,48.0,17.0,13.0,27.0,3.0,0.3,41.0,58.0,59.0,51.0,10.0,47.0,37.0,46.0,4.0,31.0,11.0,32.0,40.0,4.0,11.0
2018-05-29 08:00:00,42.0,28.0,48.0,16.0,9.0,38.0,2.0,0.4,47.0,51.0,51.0,45.0,15.0,51.0,34.0,47.0,4.0,27.0,10.0,32.0,36.0,4.0,9.0
2018-05-29 09:00:00,40.0,19.0,43.0,8.0,35.0,66.0,3.0,25.0,42.0,51.0,44.0,27.0,8.0,35.0,30.0,38.0,4.0,30.0,6.0,36.0,21.0,9.0,12.0
2018-05-29 10:00:00,22.0,24.0,28.0,10.0,49.0,10.0,2.0,20.0,17.0,49.0,31.0,16.0,8.0,25.0,34.0,28.0,3.0,28.0,6.0,34.0,13.0,10.0,5.0
2018-05-29 11:00:00,7.0,16.0,19.0,9.0,4.0,12.0,2.0,13.0,65.0,34.0,19.0,20.0,8.0,24.0,34.0,22.0,2.0,95.0,8.0,16.0,10.0,6.0,4.0
2018-05-29 12:00:00,12.0,23.0,19.0,7.0,5.0,11.0,2.0,16.0,73.0,28.0,18.0,0.1,5.0,17.0,27.0,12.0,2.0,98.0,7.0,8.0,11.0,5.0,5.0
2018-05-29 13:00:00,11.0,18.0,11.0,10.0,10.0,15.0,2.0,0.2,14.0,31.0,17.0,0.1,6.0,15.0,10.0,9.0,2.0,18.0,5.0,10.0,9.0,4.0,9.0
2018-05-29 14:00:00,25.0,14.0,13.0,9.0,9.0,23.0,3.0,0.2,15.0,30.0,21.0,15.0,7.0,19.0,90.0,9.0,7.0,27.0,3.0,19.0,9.0,4.0,12.0
2018-05-29 15:00:00,27.0,26.0,15.0,16.0,8.0,19.0,3.0,8.0,16.0,45.0,20.0,17.0,8.0,23.0,85.0,10.0,6.0,36.0,3.0,28.0,20.0,3.0,17.0
2018-05-29 16:00:00,17.0,57.0,14.0,22.0,8.0,37.0,5.0,28.0,12.0,58.0,50.0,25.0,9.0,37.0,8.0,11.0,6.0,30.0,4.0,32.0,33.0,3.0,15.0
2018-05-29 17:00:00,30.0,65.0,31.0,20.0,12.0,25.0,8.0,42.0,12.0,60.0,45.0,25.0,14.0,40.0,10.0,31.0,5.0,49.0,6.0,36.0,25.0,3.0,11.0
2018-05-29 18:00:00,30.0,66.0,45.0,29.0,11.0,21.0,10.0,67.0,13.0,67.0,57.0,44.0,15.0,60.0,15.0,44.0,4.0,39.0,4.0,37.0,36.0,4.0,9.0
2018-05-29 19:00:00,20.0,65.0,56.0,23.0,7.0,19.0,8.0,68.0,16.0,53.0,55.0,40.0,18.0,39.0,29.0,36.0,3.0,25.0,8.0,22.0,21.0,3.0,13.0
2018-05-29 20:00:00,32.0,74.0,38.0,26.0,13.0,35.0,6.0,54.0,22.0,61.0,54.0,25.0,16.0,61.0,42.0,52.0,3.0,38.0,7.0,38.0,32.0,3.0,16.0
2018-05-29 21:00:00,36.0,80.0,40.0,31.0,12.0,31.0,7.0,56.0,37.0,65.0,37.0,38.0,17.0,45.0,41.0,47.0,3.0,72.0,10.0,41.0,42.0,4.0,16.0
2018-05-29 22:00:00,31.0,57.0,34.0,26.0,38.0,39.0,7.0,41.0,49.0,79.0,33.0,41.0,23.0,61.0,50.0,26.0,4.0,62.0,6.0,40.0,30.0,5.0,17.0
2018-05-29 23:00:00,24.0,58.0,16.0,26.0,26.0,34.0,6.0,48.0,40.0,79.0,21.0,31.0,20.0,39.0,42.0,14.0,4.0,61.0,5.0,44.0,15.0,5.0,12.0
2018-05-30 00:00:00,22.0,50.0,6.0,18.0,8.0,30.0,7.0,45.0,26.0,60.0,18.0,11.0,16.0,13.0,27.0,8.0,5.0,48.0,5.0,33.0,6.0,5.0,7.0
2018-05-30 01:00:00,11.0,47.0,6.0,21.0,6.0,9.0,6.0,49.0,26.0,31.0,11.0,7.0,8.0,7.0,13.0,6.0,5.0,18.0,3.0,28.0,4.0,5.0,8.0
2018-05-30 02:00:00,10.0,38.0,6.0,22.0,5.0,9.0,6.0,32.0,17.0,20.0,14.0,7.0,7.0,8.0,8.0,6.0,5.0,12.0,3.0,22.0,4.0,4.0,7.0
2018-05-30 03:00:00,9.0,36.0,5.0,20.0,4.0,8.0,8.0,11.0,8.0,21.0,12.0,6.0,8.0,6.0,7.0,5.0,5.0,10.0,3.0,16.0,5.0,3.0,4.0
2018-05-30 04:00:00,11.0,20.0,6.0,23.0,8.0,7.0,7.0,12.0,16.0,24.0,12.0,6.0,7.0,7.0,6.0,8.0,4.0,14.0,3.0,18.0,5.0,3.0,6.0
2018-05-30 05:00:00,11.0,21.0,11.0,19.0,11.0,13.0,9.0,23.0,21.0,37.0,16.0,13.0,10.0,16.0,7.0,21.0,4.0,22.0,3.0,23.0,7.0,3.0,12.0
2018-05-30 06:00:00,16.0,38.0,28.0,25.0,12.0,27.0,9.0,46.0,28.0,52.0,25.0,25.0,17.0,29.0,12.0,32.0,15.0,30.0,5.0,38.0,14.0,5.0,14.0
2018-05-30 07:00:00,22.0,52.0,40.0,37.0,11.0,21.0,7.0,56.0,45.0,69.0,34.0,39.0,14.0,37.0,22.0,32.0,8.0,33.0,5.0,38.0,18.0,5.0,33.0
2018-05-30 08:00:00,19.0,41.0,29.0,46.0,10.0,21.0,10.0,35.0,34.0,63.0,27.0,34.0,20.0,30.0,14.0,18.0,5.0,31.0,8.0,39.0,19.0,5.0,47.0
2018-05-30 09:00:00,21.0,51.0,16.0,30.0,10.0,22.0,9.0,26.0,27.0,59.0,49.0,25.0,14.0,23.0,12.0,0.4,8.0,24.0,5.0,39.0,10.0,4.0,12.0
2018-05-30 10:00:00,23.0,46.0,59.0,22.0,7.0,20.0,8.0,32.0,22.0,48.0,47.0,17.0,13.0,17.0,7.0,0.4,9.0,16.0,5.0,33.0,10.0,5.0,10.0
2018-05-30 11:00:00,15.0,50.0,78.0,35.0,6.0,10.0,7.0,24.0,16.0,39.0,16.0,17.0,9.0,14.0,10.0,9.0,5.0,15.0,3.0,23.0,11.0,5.0,9.0
2018-05-30 12:00:00,13.0,37.0,10.0,32.0,5.0,11.0,8.0,18.0,17.0,33.0,18.0,13.0,11.0,15.0,9.0,13.0,4.0,12.0,6.0,18.0,8.0,6.0,7.0
2018-05-30 13:00:00,7.0,27.0,10.0,25.0,5.0,15.0,11.0,15.0,18.0,28.0,17.0,12.0,10.0,13.0,9.0,9.0,4.0,25.0,5.0,14.0,11.0,5.0,7.0
2018-05-30 14:00:00,12.0,14.0,8.0,21.0,4.0,11.0,9.0,10.0,14.0,39.0,16.0,11.0,8.0,11.0,8.0,7.0,3.0,39.0,4.0,29.0,7.0,5.0,10.0
2018-05-30 15:00:00,22.0,14.0,8.0,21.0,4.0,16.0,4.0,14.0,10.0,62.0,15.0,12.0,5.0,14.0,9.0,8.0,4.0,34.0,4.0,38.0,10.0,5.0,9.0
2018-05-30 16:00:00,36.0,12.0,11.0,17.0,5.0,22.0,7.0,17.0,10.0,72.0,15.0,15.0,5.0,17.0,9.0,9.0,4.0,54.0,4.0,45.0,8.0,5.0,10.0
2018-05-30 17:00:00,28.0,16.0,11.0,24.0,7.0,26.0,8.0,32.0,19.0,60.0,17.0,19.0,7.0,18.0,7.0,7.0,6.0,49.0,4.0,33.0,7.0,4.0,12.0
2018-05-30 18:00:00,23.0,20.0,11.0,28.0,7.0,23.0,4.0,38.0,32.0,62.0,17.0,18.0,6.0,18.0,6.0,7.0,6.0,41.0,4.0,34.0,8.0,4.0,12.0
2018-05-30 19:00:00,47.0,34.0,11.0,26.0,8.0,17.0,4.0,12.0,31.0,77.0,16.0,16.0,9.0,20.0,12.0,8.0,7.0,32.0,4.0,35.0,9.0,4.0,12.0
2018-05-30 20:00:00,52.0,16.0,18.0,30.0,11.0,20.0,3.0,34.0,29.0,62.0,20.0,25.0,12.0,24.0,20.0,13.0,7.0,36.0,6.0,45.0,11.0,4.0,9.0
2018-05-30 21:00:00,47.0,25.0,17.0,26.0,13.0,28.0,3.0,34.0,41.0,38.0,20.0,22.0,13.0,18.0,12.0,14.0,14.0,36.0,4.0,60.0,11.0,4.0,9.0
2018-05-30 22:00:00,52.0,17.0,10.0,20.0,14.0,16.0,3.0,20.0,21.0,35.0,15.0,19.0,7.0,15.0,7.0,9.0,11.0,22.0,4.0,66.0,9.0,4.0,9.0
2018-05-30 23:00:00,29.0,21.0,9.0,16.0,11.0,10.0,3.0,20.0,9.0,36.0,13.0,12.0,9.0,11.0,8.0,7.0,11.0,20.0,3.0,44.0,7.0,4.0,8.0
2018-05-31 00:00:00,22.0,19.0,4.0,14.0,8.0,8.0,3.0,10.0,6.0,27.0,11.0,7.0,6.0,10.0,7.0,5.0,12.0,21.0,3.0,44.0,6.0,3.0,9.0
2018-05-31 01:00:00,14.0,18.0,6.0,20.0,8.0,7.0,2.0,10.0,6.0,22.0,10.0,6.0,6.0,8.0,5.0,6.0,6.0,14.0,3.0,19.0,5.0,4.0,8.0
2018-05-31 02:00:00,15.0,9.0,6.0,19.0,8.0,8.0,2.0,7.0,7.0,24.0,10.0,7.0,6.0,8.0,4.0,7.0,5.0,14.0,3.0,17.0,5.0,3.0,8.0
2018-05-31 03:00:00,15.0,8.0,6.0,16.0,7.0,7.0,2.0,6.0,6.0,20.0,11.0,7.0,5.0,8.0,4.0,5.0,5.0,15.0,3.0,16.0,5.0,3.0,7.0
2018-05-31 04:00:00,11.0,10.0,10.0,11.0,6.0,8.0,2.0,10.0,11.0,28.0,12.0,9.0,6.0,9.0,7.0,6.0,5.0,22.0,3.0,18.0,6.0,3.0,8.0
2018-05-31 05:00:00,12.0,21.0,26.0,11.0,13.0,11.0,2.0,17.0,32.0,41.0,18.0,21.0,13.0,19.0,12.0,10.0,5.0,26.0,4.0,22.0,9.0,3.0,11.0
2018-05-31 06:00:00,23.0,41.0,58.0,36.0,14.0,18.0,3.0,46.0,49.0,57.0,34.0,31.0,15.0,45.0,33.0,19.0,5.0,42.0,5.0,36.0,15.0,4.0,16.0
2018-05-31 07:00:00,20.0,53.0,43.0,24.0,17.0,24.0,3.0,50.0,50.0,60.0,41.0,45.0,16.0,54.0,30.0,24.0,5.0,28.0,6.0,35.0,17.0,4.0,11.0
2018-05-31 08:00:00,17.0,42.0,36.0,28.0,15.0,20.0,3.0,34.0,44.0,58.0,29.0,48.0,22.0,41.0,27.0,25.0,7.0,22.0,6.0,28.0,14.0,4.0,10.0
2018-05-31 09:00:00,22.0,55.0,22.0,23.0,9.0,13.0,2.0,21.0,17.0,55.0,22.0,28.0,8.0,28.0,17.0,12.0,6.0,21.0,7.0,24.0,10.0,4.0,7.0
2018-05-31 10:00:00,0.8,55.0,10.0,64.0,6.0,12.0,2.0,16.0,11.0,46.0,17.0,15.0,6.0,19.0,10.0,10.0,4.0,18.0,4.0,29.0,6.0,5.0,7.0
2018-05-31 11:00:00,11.0,29.0,9.0,26.0,5.0,10.0,2.0,16.0,7.0,42.0,14.0,11.0,7.0,18.0,11.0,6.0,3.0,14.0,4.0,26.0,5.0,5.0,6.0
2018-05-31 12:00:00,11.0,16.0,5.0,42.0,5.0,8.0,3.0,12.0,7.0,28.0,13.0,8.0,100.0,12.0,12.0,5.0,3.0,9.0,8.0,22.0,5.0,113.0,7.0
2018-05-31 13:00:00,13.0,11.0,5.0,23.0,5.0,5.0,7.0,8.0,10.0,25.0,13.0,8.0,102.0,12.0,7.0,5.0,3.0,10.0,8.0,13.0,7.0,115.0,6.0
2018-05-31 14:00:00,8.0,12.0,5.0,15.0,4.0,7.0,12.0,11.0,9.0,23.0,14.0,7.0,5.0,12.0,7.0,4.0,3.0,10.0,10.0,12.0,7.0,8.0,6.0
2018-05-31 15:00:00,8.0,11.0,5.0,15.0,5.0,8.0,5.0,12.0,8.0,22.0,15.0,10.0,5.0,11.0,6.0,5.0,3.0,10.0,8.0,13.0,10.0,9.0,5.0
2018-05-31 16:00:00,9.0,10.0,6.0,13.0,5.0,9.0,5.0,13.0,8.0,24.0,12.0,11.0,5.0,12.0,6.0,5.0,3.0,10.0,115.0,13.0,10.0,10.0,7.0
2018-05-31 17:00:00,11.0,10.0,7.0,15.0,7.0,13.0,4.0,12.0,12.0,26.0,13.0,10.0,5.0,14.0,6.0,5.0,3.0,19.0,3.0,13.0,9.0,11.0,8.0
2018-05-31 18:00:00,13.0,12.0,8.0,18.0,8.0,9.0,3.0,10.0,18.0,28.0,18.0,14.0,5.0,17.0,6.0,6.0,3.0,17.0,4.0,18.0,9.0,11.0,12.0
2018-05-31 19:00:00,14.0,15.0,10.0,21.0,11.0,10.0,3.0,10.0,32.0,32.0,16.0,17.0,6.0,18.0,7.0,9.0,3.0,19.0,4.0,21.0,9.0,11.0,14.0
2018-05-31 20:00:00,14.0,25.0,16.0,21.0,16.0,27.0,3.0,10.0,42.0,35.0,20.0,25.0,9.0,24.0,11.0,19.0,4.0,43.0,5.0,31.0,13.0,13.0,22.0
2018-05-31 21:00:00,31.0,32.0,31.0,28.0,21.0,21.0,3.0,10.0,44.0,45.0,21.0,43.0,10.0,34.0,19.0,40.0,6.0,47.0,5.0,40.0,21.0,12.0,40.0
2018-05-31 22:00:00,44.0,30.0,22.0,19.0,23.0,21.0,4.0,14.0,19.0,47.0,19.0,43.0,10.0,39.0,22.0,30.0,8.0,59.0,5.0,57.0,18.0,10.0,18.0
2018-05-31 23:00:00,29.0,25.0,27.0,16.0,21.0,26.0,3.0,13.0,20.0,52.0,15.0,32.0,7.0,31.0,25.0,27.0,8.0,68.0,6.0,64.0,11.0,10.0,18.0
2018-06-01 00:00:00,35.0,24.0,31.0,23.0,13.0,21.0,3.0,9.0,19.0,71.0,14.0,22.0,7.0,22.0,27.0,20.0,9.0,53.0,4.0,55.0,10.0,10.0,12.0
