,28079004,28079008,28079011,28079016,28079017,28079018,28079024,28079027,28079035,28079036,28079038,28079039,28079040,28079047,28079048,28079049,28079050,28079054,28079055,28079056,28079057,28079058,28079059,28079060
2019-02-01 01:00:00,3.0,3.0,1.0,1.0,2.0,1.0,1.0,1.0,4.0,2.0,1.0,2.0,2.0,1.0,2.0,1.0,3.0,1.0,1.0,14.0,1.0,1.0,1.0,2.0
2019-02-01 02:00:00,2.0,2.0,1.0,1.0,1.0,1.0,1.0,1.0,4.0,1.0,1.0,1.0,1.0,1.0,1.0,1.0,2.0,1.0,1.0,12.0,1.0,1.0,1.0,2.0
2019-02-01 03:00:00,3.0,2.0,1.0,1.0,1.0,1.0,1.0,1.0,5.0,1.0,1.0,1.0,1.0,1.0,1.0,1.0,2.0,1.0,1.0,12.0,1.0,1.0,1.0,2.0
2019-02-01 04:00:00,1.0,1.0,1.0,1.0,1.0,1.0,1.0,1.0,7.0,1.0,1.0,1.0,1.0,1.0,1.0,1.0,3.0,1.0,1.0,12.0,1.0,1.0,1.0,2.0
2019-02-01 05:00:00,1.0,2.0,1.0,1.0,1.0,1.0,1.0,1.0,8.0,1.0,1.0,1.0,1.0,1.0,1.0,1.0,2.0,1.0,1.0,12.0,1.0,1.0,1.0,2.0
2019-02-01 06:00:00,1.0,2.0,1.0,1.0,2.0,1.0,1.0,1.0,3.0,1.0,1.0,1.0,1.0,1.0,1.0,1.0,2.0,1.0,1.0,12.0,1.0,1.0,1.0,3.0
2019-02-01 07:00:00,2.0,8.0,1.0,2.0,4.0,1.0,1.0,2.0,3.0,5.0,1.0,2.0,4.0,1.0,2.0,1.0,11.0,1.0,1.0,16.0,2.0,1.0,2.0,3.0
2019-02-01 08:00:00,4.0,24.0,5.0,9.0,12.0,2.0,1.0,5.0,6.0,9.0,10.0,7.0,4.0,1.0,13.0,1.0,32.0,1.0,4.0,18.0,4.0,2.0,4.0,5.0
2019-02-01 09:00:00,8.0,42.0,11.0,11.0,12.0,3.0,1.0,5.0,7.0,10.0,15.0,11.0,8.0,1.0,14.0,1.0,30.0,1.0,8.0,22.0,8.0,2.0,3.0,9.0
2019-02-01 10:00:00,8.0,36.0,7.0,7.0,8.0,7.0,1.0,5.0,8.0,11.0,17.0,11.0,10.0,1.0,12.0,1.0,25.0,1.0,6.0,19.0,8.0,4.0,7.0,8.0
2019-02-01 11:00:00,8.0,27.0,5.0,7.0,7.0,5.0,1.0,5.0,12.0,9.0,10.0,9.0,7.0,1.0,12.0,1.0,22.0,1.0,3.0,17.0,8.0,3.0,5.0,6.0
2019-02-01 12:00:00,8.0,26.0,9.0,7.0,7.0,4.0,1.0,6.0,8.0,9.0,10.0,7.0,8.0,1.0,12.0,1.0,21.0,1.0,3.0,20.0,8.0,3.0,4.0,9.0
2019-02-01 13:00:00,10.0,19.0,5.0,10.0,7.0,4.0,1.0,4.0,6.0,7.0,9.0,7.0,6.0,1.0,12.0,2.0,27.0,1.0,4.0,0.5,6.0,2.0,4.0,6.0
2019-02-01 14:00:00,9.0,24.0,5.0,8.0,6.0,4.0,1.0,5.0,6.0,7.0,7.0,6.0,7.0,1.0,11.0,1.0,22.0,1.0,3.0,20.0,6.0,2.0,5.0,5.0
2019-02-01 15:00:00,9.0,20.0,7.0,7.0,8.0,4.0,1.0,5.0,5.0,8.0,9.0,7.0,7.0,1.0,11.0,1.0,25.0,1.0,5.0,19.0,7.0,2.0,5.0,6.0
2019-02-01 16:00:00,7.0,18.0,5.0,8.0,6.0,3.0,1.0,5.0,4.0,6.0,8.0,7.0,6.0,1.0,10.0,1.0,22.0,1.0,3.0,22.0,6.0,2.0,3.0,5.0
2019-02-01 17:00:00,7.0,20.0,7.0,6.0,7.0,3.0,1.0,4.0,5.0,9.0,10.0,7.0,9.0,1.0,8.0,1.0,19.0,1.0,4.0,27.0,6.0,2.0,3.0,6.0
2019-02-01 18:00:00,8.0,22.0,8.0,5.0,10.0,4.0,1.0,3.0,4.0,9.0,10.0,8.0,11.0,1.0,10.0,1.0,22.0,1.0,4.0,28.0,7.0,2.0,2.0,11.0
2019-02-01 19:00:00,4.0,20.0,6.0,3.0,12.0,3.0,1.0,2.0,3.0,7.0,7.0,6.0,12.0,1.0,9.0,1.0,19.0,1.0,1.0,27.0,4.0,3.0,2.0,6.0
2019-02-01 20:00:00,4.0,15.0,8.0,3.0,13.0,3.0,1.0,2.0,3.0,9.0,7.0,5.0,10.0,1.0,4.0,1.0,19.0,1.0,1.0,30.0,5.0,2.0,1.0,6.0
2019-02-01 21:00:00,4.0,13.0,5.0,2.0,8.0,3.0,1.0,2.0,2.0,6.0,7.0,6.0,10.0,1.0,4.0,1.0,15.0,1.0,1.0,27.0,5.0,1.0,1.0,5.0
2019-02-01 22:00:00,4.0,10.0,7.0,3.0,5.0,2.0,1.0,1.0,4.0,6.0,6.0,4.0,5.0,1.0,3.0,1.0,17.0,1.0,1.0,22.0,2.0,1.0,1.0,5.0
2019-02-01 23:00:00,3.0,7.0,5.0,2.0,4.0,2.0,1.0,1.0,3.0,4.0,4.0,3.0,3.0,1.0,2.0,1.0,13.0,1.0,1.0,15.0,2.0,1.0,1.0,4.0
2019-02-02 00:00:00,2.0,4.0,6.0,1.0,3.0,2.0,1.0,1.0,2.0,2.0,2.0,3.0,3.0,1.0,2.0,1.0,9.0,1.0,1.0,13.0,1.0,1.0,1.0,4.0
2019-02-02 01:00:00,2.0,5.0,2.0,1.0,2.0,1.0,1.0,1.0,2.0,2.0,2.0,1.0,2.0,1.0,1.0,1.0,6.0,1.0,1.0,12.0,1.0,1.0,1.0,4.0
2019-02-02 02:00:00,2.0,4.0,2.0,1.0,1.0,1.0,1.0,1.0,1.0,1.0,1.0,1.0,2.0,1.0,1.0,1.0,5.0,1.0,1.0,12.0,1.0,1.0,1.0,3.0
2019-02-02 03:00:00,2.0,2.0,1.0,1.0,1.0,1.0,1.0,1.0,2.0,1.0,1.0,1.0,1.0,1.0,1.0,1.0,3.0,1.0,1.0,11.0,1.0,1.0,1.0,3.0
2019-02-02 04:00:00,2.0,1.0,2.0,1.0,1.0,1.0,1.0,1.0,1.0,1.0,1.0,1.0,1.0,1.0,1.0,1.0,2.0,1.0,1.0,12.0,1.0,1.0,1.0,3.0
2019-02-02 05:00:00,2.0,2.0,1.0,1.0,1.0,1.0,1.0,1.0,1.0,1.0,1.0,1.0,1.0,1.0,1.0,1.0,2.0,1.0,1.0,12.0,1.0,1.0,1.0,3.0
2019-02-02 06:00:00,1.0,2.0,1.0,1.0,1.0,1.0,1.0,1.0,1.0,1.0,1.0,1.0,1.0,1.0,1.0,1.0,3.0,1.0,1.0,15.0,1.0,1.0,1.0,3.0
2019-02-02 07:00:00,2.0,1.0,2.0,1.0,2.0,1.0,1.0,1.0,20.0,2.0,1.0,1.0,1.0,1.0,1.0,1.0,5.0,1.0,1.0,13.0,1.0,1.0,1.0,3.0
2019-02-02 08:00:00,3.0,1.0,4.0,1.0,3.0,1.0,1.0,1.0,2.0,2.0,2.0,2.0,1.0,1.0,1.0,1.0,6.0,1.0,1.0,13.0,3.0,1.0,1.0,4.0
2019-02-02 09:00:00,6.0,5.0,5.0,1.0,4.0,2.0,1.0,2.0,4.0,3.0,4.0,3.0,3.0,1.0,1.0,1.0,9.0,1.0,1.0,14.0,1.0,1.0,1.0,5.0
2019-02-02 10:00:00,6.0,6.0,8.0,3.0,5.0,3.0,1.0,4.0,7.0,6.0,10.0,3.0,6.0,1.0,3.0,1.0,14.0,1.0,2.0,16.0,4.0,2.0,3.0,7.0
2019-02-02 11:00:00,9.0,13.0,9.0,5.0,8.0,4.0,1.0,5.0,9.0,10.0,10.0,7.0,8.0,1.0,4.0,1.0,17.0,1.0,3.0,17.0,5.0,2.0,3.0,7.0
2019-02-02 12:00:00,8.0,10.0,12.0,5.0,8.0,4.0,1.0,4.0,7.0,11.0,10.0,7.0,8.0,1.0,6.0,1.0,17.0,1.0,2.0,28.0,8.0,2.0,2.0,7.0
2019-02-02 13:00:00,9.0,10.0,9.0,7.0,7.0,4.0,1.0,5.0,6.0,12.0,10.0,7.0,8.0,1.0,7.0,1.0,19.0,1.0,4.0,21.0,6.0,2.0,5.0,6.0
2019-02-02 14:00:00,11.0,9.0,13.0,5.0,8.0,4.0,1.0,3.0,5.0,12.0,9.0,6.0,7.0,1.0,6.0,1.0,15.0,1.0,2.0,24.0,6.0,2.0,3.0,6.0
2019-02-02 15:00:00,11.0,7.0,15.0,5.0,9.0,4.0,1.0,3.0,5.0,9.0,11.0,4.0,7.0,1.0,6.0,1.0,14.0,1.0,1.0,26.0,8.0,2.0,2.0,6.0
2019-02-02 16:00:00,8.0,4.0,11.0,2.0,7.0,3.0,1.0,4.0,4.0,6.0,7.0,2.0,4.0,1.0,3.0,1.0,10.0,1.0,1.0,17.0,5.0,1.0,1.0,5.0
2019-02-02 17:00:00,6.0,4.0,9.0,2.0,7.0,3.0,1.0,3.0,3.0,6.0,6.0,2.0,3.0,1.0,3.0,1.0,15.0,1.0,1.0,17.0,3.0,1.0,1.0,4.0
2019-02-02 18:00:00,8.0,4.0,9.0,2.0,5.0,3.0,1.0,2.0,3.0,8.0,8.0,2.0,4.0,1.0,3.0,1.0,11.0,1.0,1.0,27.0,4.0,1.0,1.0,5.0
2019-02-02 19:00:00,10.0,5.0,12.0,2.0,5.0,3.0,1.0,3.0,3.0,10.0,11.0,2.0,5.0,1.0,3.0,1.0,17.0,1.0,1.0,33.0,6.0,2.0,1.0,5.0
2019-02-02 20:00:00,6.0,6.0,14.0,4.0,7.0,3.0,1.0,3.0,5.0,13.0,17.0,2.0,7.0,1.0,4.0,1.0,20.0,1.0,1.0,21.0,8.0,2.0,1.0,4.0
2019-02-02 21:00:00,6.0,11.0,11.0,3.0,10.0,4.0,1.0,2.0,5.0,11.0,14.0,4.0,6.0,1.0,4.0,1.0,19.0,1.0,1.0,37.0,8.0,1.0,1.0,4.0
2019-02-02 22:00:00,8.0,14.0,16.0,4.0,9.0,5.0,1.0,6.0,2.0,8.0,17.0,2.0,8.0,1.0,6.0,1.0,15.0,1.0,10.0,50.0,6.0,2.0,1.0,4.0
2019-02-02 23:00:00,9.0,18.0,8.0,3.0,8.0,5.0,1.0,6.0,3.0,8.0,15.0,2.0,6.0,1.0,2.0,1.0,15.0,1.0,16.0,48.0,3.0,2.0,1.0,4.0
2019-02-03 00:00:00,11.0,11.0,6.0,2.0,3.0,3.0,1.0,2.0,1.0,8.0,6.0,1.0,6.0,1.0,3.0,1.0,10.0,1.0,5.0,19.0,1.0,1.0,1.0,4.0
2019-02-03 01:00:00,4.0,7.0,5.0,1.0,2.0,1.0,1.0,1.0,2.0,5.0,6.0,1.0,4.0,1.0,2.0,1.0,11.0,1.0,1.0,15.0,1.0,1.0,1.0,4.0
2019-02-03 02:00:00,5.0,7.0,4.0,1.0,2.0,1.0,1.0,1.0,1.0,3.0,2.0,1.0,5.0,1.0,1.0,1.0,6.0,1.0,1.0,12.0,1.0,1.0,1.0,4.0
2019-02-03 03:00:00,2.0,2.0,3.0,1.0,1.0,2.0,1.0,1.0,1.0,1.0,2.0,1.0,1.0,1.0,2.0,1.0,5.0,1.0,1.0,13.0,2.0,1.0,1.0,3.0
2019-02-03 04:00:00,3.0,1.0,4.0,1.0,2.0,1.0,1.0,1.0,1.0,2.0,2.0,1.0,1.0,1.0,1.0,1.0,2.0,1.0,1.0,16.0,1.0,1.0,1.0,3.0
2019-02-03 05:00:00,2.0,2.0,1.0,1.0,2.0,2.0,1.0,1.0,1.0,1.0,3.0,1.0,1.0,1.0,1.0,1.0,1.0,1.0,1.0,14.0,1.0,1.0,1.0,3.0
2019-02-03 06:00:00,3.0,2.0,1.0,1.0,1.0,1.0,1.0,1.0,6.0,1.0,1.0,1.0,1.0,1.0,2.0,1.0,2.0,1.0,1.0,17.0,1.0,1.0,1.0,3.0
2019-02-03 07:00:00,3.0,3.0,3.0,2.0,2.0,1.0,1.0,2.0,11.0,3.0,1.0,1.0,1.0,1.0,2.0,1.0,2.0,1.0,1.0,28.0,1.0,1.0,1.0,3.0
2019-02-03 08:00:00,6.0,3.0,7.0,3.0,9.0,4.0,1.0,1.0,2.0,9.0,1.0,3.0,2.0,1.0,2.0,1.0,2.0,1.0,1.0,55.0,2.0,2.0,1.0,9.0
2019-02-03 09:00:00,24.0,9.0,13.0,10.0,29.0,19.0,1.0,4.0,8.0,9.0,5.0,6.0,4.0,3.0,3.0,1.0,5.0,1.0,2.0,93.0,9.0,4.0,5.0,19.0
2019-02-03 10:00:00,70.0,15.0,10.0,9.0,32.0,28.0,6.0,12.0,17.0,11.0,8.0,32.0,14.0,12.0,7.0,4.0,11.0,2.0,18.0,69.0,16.0,5.0,10.0,19.0
2019-02-03 11:00:00,14.0,11.0,11.0,5.0,14.0,23.0,12.0,6.0,9.0,13.0,12.0,18.0,12.0,12.0,7.0,4.0,6.0,2.0,6.0,40.0,11.0,6.0,6.0,17.0
2019-02-03 12:00:00,9.0,9.0,10.0,5.0,5.0,8.0,7.0,2.0,6.0,9.0,11.0,8.0,7.0,3.0,9.0,2.0,11.0,1.0,2.0,27.0,8.0,4.0,3.0,9.0
2019-02-03 13:00:00,7.0,8.0,13.0,3.0,5.0,5.0,3.0,4.0,4.0,5.0,11.0,8.0,10.0,2.0,8.0,1.0,14.0,1.0,2.0,22.0,5.0,4.0,3.0,8.0
2019-02-03 14:00:00,13.0,7.0,12.0,5.0,5.0,6.0,4.0,8.0,4.0,8.0,11.0,7.0,9.0,2.0,5.0,2.0,15.0,1.0,4.0,24.0,8.0,3.0,2.0,9.0
2019-02-03 15:00:00,13.0,7.0,11.0,4.0,7.0,6.0,3.0,4.0,8.0,6.0,13.0,4.0,6.0,3.0,4.0,2.0,10.0,1.0,2.0,23.0,7.0,1.0,1.0,6.0
2019-02-03 16:00:00,10.0,5.0,5.0,2.0,6.0,4.0,1.0,6.0,5.0,3.0,8.0,3.0,3.0,2.0,2.0,1.0,11.0,1.0,2.0,20.0,2.0,1.0,2.0,5.0
2019-02-03 17:00:00,7.0,5.0,2.0,2.0,3.0,3.0,1.0,10.0,5.0,2.0,9.0,2.0,3.0,1.0,1.0,1.0,4.0,1.0,1.0,23.0,2.0,1.0,1.0,5.0
2019-02-03 18:00:00,10.0,4.0,2.0,2.0,2.0,3.0,1.0,3.0,3.0,4.0,13.0,2.0,3.0,1.0,1.0,1.0,3.0,1.0,1.0,26.0,4.0,1.0,1.0,5.0
2019-02-03 19:00:00,11.0,5.0,3.0,3.0,1.0,5.0,1.0,5.0,3.0,5.0,20.0,1.0,2.0,1.0,1.0,1.0,4.0,1.0,1.0,38.0,4.0,2.0,1.0,6.0
2019-02-03 20:00:00,19.0,6.0,3.0,4.0,13.0,4.0,1.0,6.0,4.0,5.0,27.0,3.0,3.0,3.0,1.0,1.0,6.0,6.0,3.0,47.0,6.0,4.0,1.0,5.0
2019-02-03 21:00:00,28.0,10.0,7.0,5.0,35.0,23.0,1.0,4.0,6.0,11.0,26.0,14.0,8.0,3.0,1.0,1.0,10.0,5.0,5.0,64.0,9.0,3.0,1.0,9.0
2019-02-03 22:00:00,20.0,7.0,2.0,4.0,25.0,35.0,1.0,6.0,12.0,6.0,10.0,31.0,4.0,3.0,1.0,1.0,3.0,1.0,2.0,87.0,4.0,3.0,1.0,6.0
2019-02-03 23:00:00,60.0,5.0,7.0,3.0,27.0,44.0,3.0,7.0,21.0,9.0,30.0,31.0,3.0,4.0,2.0,1.0,5.0,1.0,1.0,138.0,3.0,3.0,1.0,21.0
2019-02-04 00:00:00,48.0,19.0,9.0,2.0,39.0,30.0,7.0,3.0,30.0,3.0,52.0,74.0,7.0,31.0,5.0,2.0,7.0,1.0,1.0,136.0,2.0,2.0,1.0,37.0
2019-02-04 01:00:00,45.0,38.0,8.0,2.0,17.0,34.0,10.0,1.0,38.0,5.0,38.0,22.0,3.0,40.0,25.0,21.0,10.0,2.0,17.0,121.0,2.0,1.0,1.0,35.0
2019-02-04 02:00:00,44.0,39.0,6.0,1.0,27.0,29.0,8.0,4.0,43.0,4.0,28.0,7.0,2.0,42.0,31.0,28.0,23.0,1.0,24.0,66.0,6.0,1.0,1.0,29.0
2019-02-04 03:00:00,18.0,29.0,21.0,2.0,30.0,7.0,3.0,6.0,36.0,22.0,16.0,10.0,19.0,24.0,19.0,25.0,13.0,1.0,20.0,23.0,47.0,1.0,1.0,9.0
2019-02-04 04:00:00,13.0,13.0,19.0,28.0,40.0,5.0,1.0,13.0,15.0,17.0,11.0,17.0,6.0,15.0,11.0,13.0,26.0,2.0,25.0,30.0,37.0,1.0,6.0,38.0
2019-02-04 05:00:00,12.0,7.0,2.0,2.0,39.0,19.0,2.0,16.0,13.0,6.0,2.0,23.0,2.0,29.0,4.0,5.0,4.0,1.0,36.0,44.0,12.0,1.0,20.0,17.0
2019-02-04 06:00:00,17.0,5.0,5.0,4.0,38.0,6.0,2.0,18.0,17.0,13.0,12.0,14.0,5.0,31.0,2.0,1.0,24.0,2.0,60.0,36.0,22.0,2.0,3.0,22.0
2019-02-04 07:00:00,52.0,29.0,13.0,21.0,76.0,23.0,3.0,52.0,30.0,31.0,17.0,60.0,18.0,25.0,6.0,6.0,27.0,51.0,102.0,111.0,22.0,9.0,24.0,34.0
2019-02-04 08:00:00,135.0,148.0,53.0,58.0,112.0,70.0,22.0,68.0,83.0,155.0,123.0,97.0,69.0,115.0,28.0,43.0,45.0,122.0,180.0,204.0,32.0,32.0,76.0,95.0
2019-02-04 09:00:00,214.0,208.0,168.0,190.0,222.0,94.0,25.0,78.0,148.0,216.0,196.0,226.0,145.0,171.0,90.0,89.0,174.0,209.0,181.0,138.0,124.0,40.0,114.0,205.0
2019-02-04 10:00:00,279.0,182.0,107.0,135.0,242.0,117.0,53.0,71.0,171.0,108.0,233.0,344.0,103.0,190.0,189.0,118.0,165.0,130.0,102.0,193.0,108.0,31.0,88.0,124.0
2019-02-04 11:00:00,204.0,51.0,73.0,86.0,113.0,157.0,98.0,31.0,157.0,72.0,164.0,182.0,38.0,126.0,74.0,35.0,64.0,122.0,40.0,191.0,39.0,24.0,40.0,44.0
2019-02-04 12:00:00,117.0,89.0,117.0,45.0,50.0,56.0,82.0,30.0,117.0,57.0,174.0,178.0,49.0,60.0,101.0,67.0,121.0,59.0,33.0,83.0,51.0,80.0,25.0,72.0
2019-02-04 13:00:00,60.0,81.0,152.0,67.0,26.0,44.0,49.0,29.0,65.0,72.0,106.0,122.0,56.0,37.0,108.0,52.0,186.0,32.0,48.0,78.0,61.0,80.0,45.0,133.0
2019-02-04 14:00:00,53.0,70.0,91.0,87.0,32.0,37.0,36.0,33.0,53.0,66.0,51.0,70.0,46.0,31.0,63.0,40.0,116.0,20.0,41.0,71.0,90.0,51.0,49.0,108.0
2019-02-04 15:00:00,44.0,66.0,103.0,79.0,31.0,40.0,40.0,45.0,49.0,72.0,56.0,54.0,53.0,33.0,53.0,40.0,101.0,29.0,47.0,71.0,92.0,26.0,53.0,77.0
2019-02-04 16:00:00,38.0,53.0,84.0,76.0,36.0,36.0,41.0,53.0,37.0,66.0,43.0,38.0,53.0,31.0,53.0,28.0,74.0,32.0,54.0,72.0,92.0,13.0,68.0,51.0
2019-02-04 17:00:00,40.0,56.0,52.0,59.0,41.0,36.0,19.0,53.0,43.0,47.0,51.0,37.0,50.0,27.0,52.0,30.0,75.0,26.0,60.0,69.0,51.0,14.0,65.0,35.0
2019-02-04 18:00:00,22.0,59.0,44.0,63.0,24.0,22.0,8.0,49.0,31.0,59.0,35.0,38.0,51.0,13.0,48.0,23.0,75.0,31.0,64.0,47.0,47.0,20.0,54.0,40.0
2019-02-04 19:00:00,11.0,53.0,14.0,85.0,29.0,12.0,1.0,86.0,9.0,55.0,29.0,33.0,57.0,9.0,34.0,7.0,66.0,90.0,105.0,79.0,58.0,20.0,69.0,25.0
2019-02-04 20:00:00,30.0,45.0,17.0,23.0,86.0,22.0,1.0,230.0,12.0,48.0,35.0,51.0,57.0,13.0,40.0,1.0,68.0,65.0,148.0,154.0,40.0,12.0,74.0,50.0
2019-02-04 21:00:00,19.0,49.0,29.0,72.0,94.0,42.0,1.0,205.0,15.0,124.0,25.0,56.0,96.0,72.0,27.0,1.0,43.0,81.0,189.0,320.0,74.0,8.0,94.0,48.0
2019-02-04 22:00:00,115.0,106.0,38.0,131.0,144.0,129.0,4.0,188.0,20.0,161.0,66.0,29.0,104.0,122.0,23.0,5.0,59.0,85.0,296.0,405.0,106.0,7.0,116.0,57.0
2019-02-04 23:00:00,167.0,119.0,89.0,157.0,217.0,171.0,8.0,125.0,141.0,141.0,75.0,59.0,90.0,130.0,93.0,55.0,76.0,116.0,226.0,325.0,181.0,7.0,174.0,65.0
2019-02-05 00:00:00,146.0,135.0,170.0,226.0,200.0,77.0,17.0,130.0,115.0,111.0,48.0,78.0,166.0,154.0,107.0,88.0,54.0,85.0,165.0,127.0,147.0,3.0,151.0,87.0
2019-02-05 01:00:00,82.0,170.0,195.0,210.0,174.0,40.0,8.0,142.0,105.0,115.0,55.0,89.0,71.0,111.0,117.0,119.0,59.0,61.0,201.0,53.0,147.0,2.0,101.0,70.0
2019-02-05 02:00:00,39.0,165.0,148.0,122.0,131.0,26.0,39.0,127.0,133.0,136.0,53.0,79.0,139.0,49.0,145.0,163.0,120.0,76.0,189.0,47.0,107.0,2.0,130.0,121.0
2019-02-05 03:00:00,47.0,87.0,87.0,98.0,46.0,35.0,40.0,91.0,121.0,77.0,86.0,109.0,59.0,45.0,77.0,105.0,75.0,80.0,143.0,58.0,66.0,1.0,157.0,80.0
2019-02-05 04:00:00,38.0,69.0,66.0,70.0,75.0,35.0,25.0,38.0,69.0,68.0,56.0,74.0,30.0,69.0,70.0,66.0,56.0,64.0,84.0,84.0,40.0,1.0,71.0,48.0
2019-02-05 05:00:00,31.0,57.0,47.0,67.0,105.0,28.0,24.0,64.0,40.0,73.0,50.0,39.0,21.0,41.0,56.0,51.0,40.0,78.0,100.0,39.0,16.0,7.0,56.0,27.0
2019-02-05 06:00:00,31.0,61.0,57.0,64.0,119.0,26.0,26.0,58.0,63.0,55.0,58.0,56.0,24.0,26.0,56.0,48.0,37.0,42.0,132.0,49.0,21.0,14.0,36.0,23.0
2019-02-05 07:00:00,63.0,84.0,54.0,72.0,191.0,46.0,17.0,81.0,66.0,65.0,37.0,96.0,17.0,37.0,45.0,47.0,43.0,33.0,146.0,83.0,58.0,32.0,65.0,52.0
2019-02-05 08:00:00,197.0,150.0,71.0,135.0,311.0,85.0,33.0,133.0,91.0,170.0,264.0,155.0,52.0,91.0,103.0,40.0,61.0,116.0,280.0,128.0,120.0,71.0,143.0,117.0
2019-02-05 09:00:00,233.0,263.0,109.0,288.0,464.0,165.0,36.0,128.0,186.0,269.0,343.0,346.0,165.0,171.0,108.0,96.0,123.0,207.0,236.0,166.0,251.0,59.0,173.0,232.0
2019-02-05 10:00:00,223.0,330.0,125.0,195.0,358.0,138.0,72.0,116.0,277.0,228.0,365.0,510.0,218.0,205.0,110.0,184.0,208.0,240.0,137.0,170.0,283.0,46.0,105.0,239.0
2019-02-05 11:00:00,256.0,160.0,67.0,58.0,217.0,160.0,102.0,57.0,345.0,75.0,143.0,224.0,93.0,171.0,88.0,95.0,92.0,110.0,68.0,196.0,118.0,43.0,58.0,113.0
2019-02-05 12:00:00,221.0,118.0,75.0,48.0,180.0,144.0,178.0,37.0,240.0,67.0,255.0,210.0,138.0,149.0,87.0,95.0,100.0,72.0,44.0,165.0,36.0,36.0,36.0,46.0
2019-02-05 13:00:00,118.0,135.0,132.0,90.0,81.0,96.0,113.0,42.0,119.0,105.0,164.0,100.0,127.0,131.0,132.0,117.0,132.0,38.0,47.0,151.0,48.0,26.0,28.0,52.0
2019-02-05 14:00:00,93.0,70.0,109.0,111.0,71.0,88.0,59.0,41.0,99.0,89.0,96.0,76.0,67.0,78.0,96.0,84.0,118.0,24.0,51.0,113.0,58.0,27.0,63.0,56.0
2019-02-05 15:00:00,69.0,85.0,83.0,89.0,41.0,48.0,29.0,63.0,72.0,77.0,69.0,55.0,74.0,43.0,82.0,54.0,83.0,34.0,77.0,69.0,57.0,22.0,70.0,50.0
2019-02-05 16:00:00,24.0,45.0,49.0,48.0,17.0,22.0,10.0,53.0,30.0,38.0,22.0,20.0,34.0,9.0,39.0,18.0,41.0,30.0,54.0,39.0,30.0,12.0,51.0,25.0
2019-02-05 17:00:00,15.0,30.0,23.0,26.0,11.0,10.0,5.0,26.0,14.0,22.0,17.0,15.0,22.0,2.0,21.0,4.0,41.0,2.0,26.0,30.0,12.0,7.0,22.0,12.0
2019-02-05 18:00:00,12.0,40.0,19.0,16.0,15.0,9.0,2.0,14.0,7.0,12.0,19.0,13.0,19.0,2.0,17.0,2.0,42.0,1.0,15.0,31.0,13.0,5.0,10.0,10.0
2019-02-05 19:00:00,15.0,45.0,8.0,12.0,61.0,21.0,1.0,30.0,4.0,15.0,18.0,24.0,24.0,1.0,33.0,1.0,42.0,1.0,37.0,141.0,20.0,19.0,6.0,7.0
2019-02-05 20:00:00,47.0,77.0,13.0,23.0,255.0,57.0,1.0,73.0,14.0,60.0,31.0,51.0,53.0,23.0,45.0,7.0,73.0,20.0,54.0,443.0,35.0,13.0,16.0,40.0
2019-02-05 21:00:00,83.0,115.0,15.0,54.0,252.0,130.0,1.0,169.0,23.0,122.0,57.0,96.0,101.0,18.0,49.0,3.0,95.0,141.0,100.0,434.0,73.0,11.0,53.0,55.0
2019-02-05 22:00:00,195.0,126.0,32.0,75.0,322.0,185.0,44.0,125.0,17.0,78.0,128.0,150.0,88.0,71.0,40.0,3.0,97.0,275.0,191.0,363.0,75.0,7.0,59.0,76.0
2019-02-05 23:00:00,220.0,188.0,123.0,81.0,315.0,138.0,35.0,107.0,71.0,80.0,150.0,246.0,104.0,182.0,25.0,8.0,65.0,200.0,256.0,124.0,97.0,4.0,84.0,61.0
2019-02-06 00:00:00,109.0,116.0,111.0,211.0,282.0,87.0,39.0,73.0,174.0,142.0,102.0,102.0,125.0,106.0,66.0,40.0,70.0,98.0,121.0,101.0,43.0,4.0,67.0,35.0
2019-02-06 01:00:00,66.0,89.0,16.0,67.0,263.0,64.0,46.0,53.0,108.0,69.0,56.0,92.0,70.0,74.0,18.0,94.0,7.0,112.0,85.0,92.0,1.0,3.0,28.0,8.0
2019-02-06 02:00:00,68.0,34.0,1.0,56.0,240.0,66.0,39.0,24.0,57.0,50.0,14.0,13.0,38.0,59.0,2.0,60.0,2.0,74.0,150.0,66.0,1.0,2.0,7.0,3.0
2019-02-06 03:00:00,66.0,33.0,1.0,23.0,186.0,37.0,4.0,28.0,67.0,57.0,10.0,18.0,21.0,42.0,3.0,52.0,18.0,35.0,126.0,48.0,1.0,1.0,3.0,4.0
2019-02-06 04:00:00,40.0,8.0,1.0,5.0,154.0,24.0,6.0,8.0,59.0,24.0,5.0,8.0,6.0,31.0,4.0,32.0,4.0,24.0,42.0,37.0,1.0,1.0,1.0,4.0
2019-02-06 05:00:00,23.0,5.0,2.0,1.0,121.0,23.0,13.0,3.0,56.0,13.0,5.0,9.0,5.0,17.0,5.0,4.0,2.0,28.0,14.0,29.0,1.0,1.0,1.0,4.0
2019-02-06 06:00:00,25.0,8.0,3.0,1.0,124.0,27.0,15.0,9.0,78.0,3.0,8.0,11.0,2.0,17.0,4.0,1.0,2.0,6.0,11.0,44.0,2.0,3.0,1.0,7.0
2019-02-06 07:00:00,60.0,15.0,5.0,5.0,177.0,42.0,13.0,33.0,54.0,15.0,29.0,62.0,7.0,25.0,1.0,1.0,19.0,32.0,22.0,82.0,7.0,10.0,1.0,16.0
2019-02-06 08:00:00,162.0,78.0,39.0,21.0,203.0,85.0,9.0,86.0,122.0,31.0,73.0,40.0,49.0,75.0,24.0,18.0,44.0,66.0,84.0,138.0,25.0,45.0,4.0,95.0
2019-02-06 09:00:00,246.0,121.0,77.0,43.0,386.0,151.0,25.0,74.0,218.0,111.0,127.0,54.0,111.0,162.0,62.0,46.0,71.0,95.0,102.0,198.0,58.0,38.0,16.0,137.0
2019-02-06 10:00:00,204.0,129.0,36.0,61.0,337.0,149.0,29.0,60.0,288.0,97.0,123.0,77.0,116.0,184.0,58.0,104.0,58.0,96.0,71.0,230.0,57.0,40.0,23.0,121.0
2019-02-06 11:00:00,212.0,104.0,35.0,35.0,208.0,150.0,67.0,50.0,226.0,63.0,77.0,62.0,73.0,147.0,33.0,47.0,26.0,78.0,46.0,214.0,23.0,26.0,21.0,48.0
2019-02-06 12:00:00,197.0,70.0,46.0,22.0,127.0,132.0,138.0,38.0,129.0,60.0,59.0,37.0,68.0,82.0,42.0,49.0,27.0,59.0,39.0,186.0,14.0,33.0,16.0,23.0
2019-02-06 13:00:00,133.0,53.0,40.0,24.0,38.0,116.0,81.0,25.0,94.0,45.0,81.0,41.0,36.0,91.0,48.0,36.0,33.0,22.0,41.0,126.0,10.0,25.0,21.0,18.0
2019-02-06 14:00:00,66.0,79.0,73.0,36.0,37.0,42.0,73.0,19.0,66.0,42.0,85.0,75.0,32.0,29.0,68.0,50.0,96.0,18.0,21.0,68.0,22.0,27.0,23.0,38.0
2019-02-06 15:00:00,39.0,49.0,61.0,35.0,32.0,34.0,33.0,25.0,38.0,41.0,48.0,49.0,36.0,23.0,49.0,22.0,74.0,8.0,24.0,68.0,39.0,39.0,29.0,44.0
2019-02-06 16:00:00,27.0,37.0,47.0,33.0,13.0,14.0,9.0,28.0,20.0,26.0,27.0,27.0,25.0,7.0,36.0,11.0,53.0,10.0,25.0,29.0,30.0,15.0,27.0,27.0
2019-02-06 17:00:00,18.0,35.0,15.0,17.0,11.0,10.0,5.0,14.0,10.0,13.0,14.0,16.0,16.0,3.0,22.0,5.0,44.0,1.0,13.0,35.0,14.0,4.0,11.0,15.0
2019-02-06 18:00:00,10.0,42.0,12.0,18.0,9.0,6.0,1.0,11.0,5.0,10.0,11.0,15.0,15.0,1.0,23.0,1.0,35.0,1.0,11.0,33.0,10.0,4.0,8.0,12.0
2019-02-06 19:00:00,19.0,54.0,8.0,25.0,41.0,13.0,1.0,21.0,7.0,11.0,18.0,22.0,15.0,1.0,32.0,1.0,47.0,3.0,16.0,109.0,14.0,7.0,3.0,7.0
2019-02-06 20:00:00,18.0,57.0,20.0,33.0,218.0,42.0,2.0,164.0,15.0,34.0,31.0,44.0,27.0,33.0,47.0,1.0,73.0,49.0,95.0,454.0,23.0,17.0,9.0,27.0
2019-02-06 21:00:00,40.0,63.0,12.0,43.0,303.0,121.0,9.0,197.0,15.0,89.0,37.0,97.0,67.0,82.0,45.0,1.0,66.0,42.0,320.0,591.0,33.0,10.0,32.0,49.0
2019-02-06 22:00:00,90.0,88.0,19.0,97.0,208.0,152.0,2.0,205.0,31.0,88.0,25.0,79.0,100.0,103.0,31.0,16.0,50.0,37.0,332.0,372.0,59.0,5.0,102.0,22.0
2019-02-06 23:00:00,171.0,49.0,70.0,85.0,217.0,130.0,8.0,150.0,22.0,80.0,27.0,72.0,85.0,152.0,32.0,55.0,32.0,26.0,263.0,238.0,100.0,6.0,142.0,15.0
2019-02-07 00:00:00,187.0,21.0,53.0,168.0,199.0,106.0,9.0,68.0,18.0,80.0,23.0,35.0,99.0,154.0,14.0,20.0,44.0,14.0,135.0,152.0,127.0,5.0,109.0,42.0
2019-02-07 01:00:00,135.0,20.0,7.0,160.0,84.0,38.0,5.0,42.0,21.0,65.0,15.0,44.0,64.0,108.0,7.0,1.0,15.0,14.0,130.0,81.0,100.0,3.0,90.0,49.0
2019-02-07 02:00:00,99.0,17.0,1.0,86.0,66.0,32.0,8.0,39.0,13.0,51.0,4.0,59.0,43.0,56.0,3.0,1.0,16.0,29.0,124.0,47.0,52.0,3.0,43.0,71.0
2019-02-07 03:00:00,51.0,6.0,73.0,75.0,71.0,20.0,3.0,23.0,13.0,60.0,15.0,69.0,28.0,30.0,4.0,1.0,48.0,11.0,31.0,41.0,24.0,1.0,35.0,68.0
2019-02-07 04:00:00,43.0,23.0,54.0,39.0,97.0,16.0,2.0,12.0,13.0,73.0,15.0,64.0,40.0,17.0,79.0,9.0,88.0,29.0,40.0,43.0,11.0,2.0,14.0,31.0
2019-02-07 05:00:00,26.0,103.0,21.0,34.0,100.0,15.0,3.0,10.0,34.0,83.0,36.0,52.0,38.0,16.0,53.0,80.0,96.0,34.0,33.0,35.0,11.0,2.0,10.0,23.0
2019-02-07 06:00:00,33.0,93.0,35.0,44.0,116.0,22.0,6.0,23.0,56.0,108.0,60.0,37.0,56.0,16.0,80.0,71.0,28.0,65.0,75.0,54.0,24.0,4.0,17.0,25.0
2019-02-07 07:00:00,71.0,119.0,51.0,60.0,169.0,49.0,4.0,58.0,39.0,110.0,89.0,70.0,88.0,32.0,63.0,65.0,57.0,110.0,106.0,93.0,25.0,23.0,47.0,35.0
2019-02-07 08:00:00,172.0,211.0,81.0,83.0,264.0,72.0,10.0,88.0,86.0,187.0,162.0,128.0,147.0,89.0,79.0,82.0,78.0,147.0,93.0,119.0,46.0,53.0,73.0,72.0
2019-02-07 09:00:00,266.0,222.0,108.0,108.0,417.0,123.0,27.0,132.0,187.0,230.0,183.0,268.0,156.0,148.0,94.0,170.0,104.0,174.0,205.0,191.0,88.0,37.0,122.0,147.0
2019-02-07 10:00:00,226.0,250.0,84.0,92.0,435.0,135.0,52.0,117.0,193.0,238.0,250.0,338.0,158.0,153.0,89.0,187.0,98.0,124.0,138.0,231.0,77.0,26.0,117.0,95.0
2019-02-07 11:00:00,185.0,239.0,99.0,73.0,241.0,126.0,132.0,51.0,198.0,130.0,195.0,245.0,172.0,154.0,149.0,192.0,111.0,73.0,54.0,175.0,39.0,32.0,45.0,62.0
2019-02-07 12:00:00,201.0,228.0,117.0,84.0,96.0,142.0,169.0,34.0,219.0,144.0,234.0,186.0,94.0,174.0,192.0,193.0,103.0,48.0,46.0,162.0,51.0,57.0,38.0,48.0
2019-02-07 13:00:00,207.0,194.0,73.0,61.0,84.0,142.0,153.0,34.0,219.0,76.0,210.0,75.0,89.0,104.0,135.0,169.0,81.0,54.0,38.0,186.0,34.0,39.0,39.0,40.0
2019-02-07 14:00:00,139.0,64.0,30.0,24.0,62.0,106.0,113.0,30.0,128.0,34.0,83.0,29.0,47.0,72.0,39.0,64.0,25.0,43.0,44.0,119.0,18.0,15.0,22.0,17.0
2019-02-07 15:00:00,60.0,70.0,49.0,23.0,27.0,47.0,52.0,14.0,68.0,37.0,50.0,45.0,35.0,40.0,52.0,51.0,75.0,9.0,14.0,108.0,16.0,14.0,11.0,22.0
2019-02-07 16:00:00,38.0,69.0,48.0,42.0,30.0,36.0,33.0,12.0,38.0,53.0,45.0,26.0,39.0,27.0,40.0,31.0,62.0,14.0,15.0,79.0,20.0,15.0,16.0,29.0
2019-02-07 17:00:00,23.0,31.0,33.0,37.0,27.0,16.0,10.0,23.0,32.0,36.0,26.0,22.0,28.0,16.0,26.0,13.0,51.0,14.0,29.0,71.0,22.0,16.0,31.0,20.0
2019-02-07 18:00:00,7.0,43.0,37.0,30.0,19.0,6.0,1.0,28.0,25.0,32.0,16.0,12.0,24.0,13.0,30.0,12.0,34.0,20.0,38.0,71.0,12.0,9.0,18.0,13.0
2019-02-07 19:00:00,16.0,56.0,6.0,69.0,31.0,11.0,1.0,36.0,4.0,42.0,12.0,15.0,44.0,18.0,23.0,11.0,64.0,56.0,64.0,177.0,60.0,8.0,30.0,11.0
2019-02-07 20:00:00,41.0,66.0,10.0,97.0,96.0,73.0,1.0,74.0,18.0,89.0,19.0,15.0,60.0,23.0,36.0,4.0,48.0,51.0,128.0,193.0,52.0,20.0,83.0,8.0
2019-02-07 21:00:00,57.0,68.0,10.0,90.0,170.0,88.0,11.0,167.0,17.0,63.0,32.0,22.0,45.0,7.0,33.0,4.0,54.0,36.0,136.0,280.0,19.0,16.0,156.0,11.0
2019-02-07 22:00:00,66.0,57.0,5.0,84.0,169.0,126.0,2.0,108.0,10.0,68.0,20.0,34.0,29.0,40.0,24.0,7.0,52.0,114.0,148.0,332.0,23.0,7.0,139.0,7.0
2019-02-07 23:00:00,165.0,52.0,42.0,131.0,170.0,97.0,17.0,96.0,12.0,108.0,20.0,68.0,60.0,147.0,10.0,4.0,54.0,179.0,191.0,242.0,62.0,4.0,35.0,24.0
2019-02-08 00:00:00,144.0,64.0,30.0,85.0,180.0,31.0,21.0,36.0,89.0,105.0,104.0,92.0,152.0,159.0,24.0,5.0,25.0,146.0,53.0,80.0,9.0,3.0,24.0,57.0
2019-02-08 01:00:00,59.0,31.0,1.0,3.0,201.0,30.0,18.0,7.0,99.0,10.0,14.0,4.0,83.0,38.0,1.0,23.0,4.0,130.0,15.0,40.0,3.0,4.0,2.0,8.0
2019-02-08 02:00:00,45.0,7.0,1.0,1.0,178.0,21.0,13.0,2.0,53.0,8.0,9.0,2.0,17.0,36.0,5.0,1.0,2.0,74.0,1.0,46.0,1.0,2.0,1.0,4.0
2019-02-08 03:00:00,42.0,4.0,1.0,1.0,140.0,20.0,9.0,2.0,41.0,2.0,5.0,1.0,5.0,28.0,2.0,1.0,3.0,50.0,1.0,42.0,1.0,2.0,1.0,5.0
2019-02-08 04:00:00,31.0,1.0,1.0,1.0,129.0,17.0,10.0,2.0,19.0,3.0,4.0,1.0,2.0,19.0,1.0,1.0,3.0,2.0,1.0,37.0,1.0,1.0,1.0,4.0
2019-02-08 05:00:00,21.0,1.0,1.0,1.0,109.0,15.0,8.0,2.0,29.0,4.0,2.0,2.0,2.0,14.0,1.0,1.0,5.0,7.0,2.0,33.0,1.0,1.0,1.0,4.0
2019-02-08 06:00:00,17.0,2.0,1.0,1.0,114.0,18.0,6.0,6.0,20.0,6.0,2.0,4.0,4.0,8.0,1.0,1.0,4.0,11.0,11.0,58.0,1.0,2.0,1.0,4.0
2019-02-08 07:00:00,67.0,14.0,5.0,11.0,201.0,40.0,2.0,28.0,20.0,39.0,10.0,3.0,22.0,22.0,2.0,1.0,4.0,55.0,17.0,66.0,2.0,13.0,1.0,8.0
2019-02-08 08:00:00,138.0,74.0,19.0,47.0,299.0,68.0,2.0,59.0,88.0,97.0,29.0,90.0,89.0,71.0,30.0,10.0,35.0,154.0,88.0,115.0,11.0,38.0,6.0,42.0
2019-02-08 09:00:00,223.0,156.0,100.0,97.0,343.0,129.0,15.0,93.0,135.0,174.0,124.0,235.0,134.0,132.0,68.0,63.0,75.0,183.0,129.0,214.0,32.0,29.0,53.0,108.0
2019-02-08 10:00:00,249.0,205.0,106.0,153.0,280.0,133.0,48.0,51.0,172.0,169.0,296.0,252.0,204.0,165.0,128.0,122.0,106.0,116.0,100.0,157.0,45.0,26.0,28.0,80.0
2019-02-08 11:00:00,134.0,203.0,150.0,90.0,134.0,113.0,75.0,39.0,156.0,104.0,194.0,265.0,164.0,146.0,93.0,148.0,127.0,89.0,48.0,183.0,25.0,11.0,17.0,61.0
2019-02-08 12:00:00,114.0,152.0,104.0,50.0,79.0,133.0,72.0,46.0,141.0,94.0,104.0,104.0,57.0,94.0,94.0,118.0,99.0,67.0,33.0,191.0,33.0,24.0,24.0,56.0
2019-02-08 13:00:00,83.0,58.0,121.0,68.0,50.0,94.0,153.0,40.0,64.0,56.0,104.0,54.0,44.0,22.0,93.0,27.0,108.0,31.0,57.0,95.0,64.0,31.0,49.0,74.0
2019-02-08 14:00:00,63.0,55.0,60.0,36.0,29.0,53.0,113.0,41.0,56.0,34.0,72.0,58.0,27.0,28.0,62.0,28.0,82.0,4.0,39.0,87.0,68.0,53.0,39.0,47.0
2019-02-08 15:00:00,25.0,42.0,48.0,36.0,13.0,10.0,8.0,22.0,27.0,27.0,31.0,37.0,21.0,11.0,35.0,15.0,54.0,4.0,20.0,39.0,41.0,19.0,25.0,37.0
2019-02-08 16:00:00,12.0,25.0,18.0,17.0,11.0,6.0,3.0,14.0,7.0,16.0,13.0,11.0,12.0,2.0,21.0,2.0,33.0,1.0,13.0,23.0,13.0,6.0,10.0,10.0
2019-02-08 17:00:00,11.0,29.0,15.0,11.0,8.0,5.0,1.0,8.0,4.0,14.0,11.0,9.0,10.0,1.0,18.0,1.0,29.0,1.0,6.0,71.0,8.0,2.0,5.0,7.0
2019-02-08 18:00:00,10.0,27.0,10.0,9.0,9.0,5.0,1.0,6.0,3.0,12.0,11.0,9.0,10.0,1.0,17.0,1.0,25.0,1.0,5.0,71.0,8.0,3.0,3.0,8.0
2019-02-08 19:00:00,7.0,30.0,5.0,7.0,15.0,5.0,1.0,5.0,3.0,9.0,8.0,14.0,9.0,1.0,17.0,1.0,30.0,1.0,7.0,177.0,8.0,4.0,1.0,5.0
2019-02-08 20:00:00,18.0,40.0,5.0,14.0,34.0,16.0,1.0,21.0,6.0,14.0,11.0,27.0,15.0,4.0,23.0,2.0,34.0,1.0,22.0,193.0,10.0,10.0,3.0,5.0
2019-02-08 21:00:00,26.0,37.0,5.0,14.0,72.0,26.0,11.0,29.0,5.0,25.0,15.0,19.0,20.0,15.0,20.0,1.0,26.0,1.0,92.0,180.0,8.0,16.0,2.0,5.0
2019-02-08 22:00:00,19.0,28.0,4.0,9.0,33.0,4.0,1.0,11.0,4.0,19.0,13.0,17.0,15.0,2.0,18.0,1.0,20.0,1.0,25.0,95.0,6.0,12.0,1.0,5.0
2019-02-08 23:00:00,7.0,21.0,3.0,12.0,30.0,2.0,1.0,46.0,3.0,10.0,10.0,7.0,16.0,13.0,12.0,1.0,25.0,2.0,10.0,19.0,4.0,10.0,2.0,5.0
2019-02-09 00:00:00,5.0,19.0,2.0,4.0,13.0,4.0,1.0,51.0,5.0,6.0,12.0,6.0,9.0,39.0,16.0,1.0,27.0,1.0,78.0,54.0,3.0,4.0,25.0,9.0
2019-02-09 01:00:00,48.0,22.0,7.0,10.0,22.0,9.0,1.0,43.0,2.0,20.0,11.0,10.0,16.0,20.0,5.0,1.0,24.0,5.0,85.0,64.0,3.0,4.0,30.0,8.0
2019-02-09 02:00:00,99.0,16.0,5.0,38.0,5.0,10.0,1.0,19.0,8.0,10.0,6.0,2.0,13.0,1.0,2.0,1.0,20.0,41.0,42.0,33.0,3.0,3.0,34.0,5.0
2019-02-09 03:00:00,60.0,10.0,2.0,41.0,4.0,11.0,1.0,4.0,2.0,44.0,13.0,1.0,8.0,10.0,3.0,1.0,9.0,51.0,23.0,41.0,13.0,1.0,11.0,5.0
2019-02-09 04:00:00,33.0,6.0,26.0,33.0,24.0,5.0,1.0,7.0,5.0,59.0,6.0,22.0,45.0,39.0,5.0,1.0,24.0,39.0,18.0,37.0,2.0,2.0,9.0,9.0
2019-02-09 05:00:00,47.0,38.0,26.0,38.0,29.0,13.0,1.0,5.0,45.0,47.0,8.0,32.0,14.0,24.0,9.0,3.0,25.0,15.0,42.0,54.0,4.0,1.0,7.0,6.0
2019-02-09 06:00:00,34.0,48.0,36.0,32.0,48.0,14.0,1.0,22.0,42.0,22.0,29.0,25.0,4.0,28.0,55.0,27.0,33.0,22.0,89.0,53.0,18.0,2.0,33.0,15.0
2019-02-09 07:00:00,44.0,52.0,43.0,40.0,36.0,14.0,1.0,43.0,50.0,13.0,29.0,37.0,5.0,9.0,32.0,21.0,41.0,34.0,59.0,45.0,19.0,4.0,29.0,21.0
2019-02-09 08:00:00,52.0,38.0,28.0,31.0,13.0,18.0,2.0,41.0,26.0,61.0,44.0,53.0,17.0,20.0,37.0,11.0,27.0,19.0,47.0,57.0,6.0,6.0,19.0,28.0
2019-02-09 09:00:00,90.0,43.0,19.0,12.0,15.0,38.0,5.0,63.0,51.0,18.0,43.0,53.0,13.0,40.0,33.0,18.0,19.0,8.0,79.0,67.0,11.0,10.0,22.0,16.0
2019-02-09 10:00:00,78.0,33.0,18.0,23.0,6.0,51.0,11.0,38.0,54.0,20.0,53.0,88.0,14.0,11.0,27.0,11.0,24.0,13.0,60.0,57.0,24.0,13.0,45.0,25.0
2019-02-09 11:00:00,77.0,41.0,37.0,25.0,11.0,38.0,29.0,22.0,40.0,30.0,43.0,50.0,28.0,20.0,40.0,29.0,28.0,12.0,22.0,60.0,30.0,22.0,25.0,25.0
2019-02-09 12:00:00,57.0,43.0,25.0,28.0,15.0,39.0,39.0,17.0,38.0,29.0,42.0,29.0,21.0,25.0,32.0,31.0,25.0,13.0,18.0,67.0,21.0,19.0,19.0,24.0
2019-02-09 13:00:00,42.0,50.0,27.0,19.0,18.0,39.0,39.0,14.0,42.0,23.0,58.0,31.0,25.0,18.0,41.0,31.0,24.0,15.0,10.0,57.0,23.0,15.0,14.0,23.0
2019-02-09 14:00:00,41.0,45.0,33.0,15.0,24.0,32.0,36.0,13.0,36.0,30.0,54.0,49.0,25.0,16.0,54.0,23.0,30.0,11.0,11.0,60.0,18.0,23.0,13.0,21.0
2019-02-09 15:00:00,28.0,28.0,34.0,19.0,20.0,22.0,20.0,9.0,23.0,19.0,32.0,38.0,15.0,11.0,31.0,13.0,38.0,2.0,6.0,51.0,19.0,19.0,10.0,31.0
2019-02-09 16:00:00,19.0,18.0,14.0,14.0,16.0,17.0,9.0,8.0,17.0,15.0,17.0,14.0,15.0,9.0,16.0,8.0,24.0,1.0,6.0,42.0,17.0,15.0,9.0,17.0
2019-02-09 17:00:00,8.0,14.0,13.0,12.0,10.0,4.0,2.0,8.0,6.0,11.0,7.0,6.0,10.0,3.0,10.0,3.0,17.0,1.0,7.0,20.0,6.0,3.0,9.0,8.0
2019-02-09 18:00:00,7.0,9.0,6.0,4.0,9.0,3.0,1.0,5.0,2.0,5.0,4.0,6.0,5.0,1.0,4.0,1.0,16.0,1.0,2.0,21.0,3.0,3.0,3.0,5.0
2019-02-09 19:00:00,14.0,12.0,5.0,8.0,12.0,4.0,1.0,3.0,4.0,7.0,7.0,9.0,4.0,1.0,5.0,1.0,22.0,1.0,3.0,42.0,7.0,4.0,1.0,5.0
2019-02-09 20:00:00,46.0,14.0,3.0,14.0,33.0,6.0,1.0,8.0,3.0,7.0,6.0,16.0,10.0,1.0,17.0,1.0,28.0,4.0,11.0,75.0,9.0,7.0,2.0,5.0
2019-02-09 21:00:00,19.0,17.0,5.0,8.0,20.0,3.0,1.0,14.0,4.0,11.0,17.0,18.0,13.0,1.0,19.0,1.0,19.0,1.0,47.0,48.0,11.0,5.0,1.0,6.0
2019-02-09 22:00:00,14.0,25.0,3.0,16.0,18.0,6.0,1.0,14.0,4.0,7.0,8.0,14.0,10.0,1.0,13.0,1.0,22.0,1.0,33.0,53.0,9.0,4.0,2.0,5.0
2019-02-09 23:00:00,22.0,16.0,2.0,12.0,13.0,4.0,1.0,20.0,4.0,6.0,5.0,8.0,10.0,1.0,7.0,1.0,13.0,1.0,28.0,29.0,3.0,6.0,5.0,4.0
2019-02-10 00:00:00,9.0,10.0,3.0,8.0,14.0,3.0,1.0,4.0,2.0,7.0,3.0,6.0,10.0,1.0,3.0,1.0,10.0,1.0,4.0,23.0,1.0,5.0,1.0,4.0
2019-02-10 01:00:00,6.0,15.0,1.0,3.0,5.0,3.0,1.0,8.0,3.0,4.0,2.0,4.0,6.0,1.0,3.0,1.0,9.0,1.0,6.0,21.0,1.0,3.0,1.0,4.0
2019-02-10 02:00:00,14.0,9.0,1.0,2.0,3.0,3.0,1.0,3.0,4.0,3.0,2.0,4.0,6.0,1.0,4.0,1.0,10.0,1.0,2.0,19.0,1.0,2.0,1.0,4.0
2019-02-10 03:00:00,6.0,6.0,3.0,1.0,2.0,2.0,1.0,2.0,3.0,2.0,2.0,3.0,3.0,1.0,2.0,1.0,10.0,1.0,2.0,17.0,1.0,3.0,1.0,3.0
2019-02-10 04:00:00,4.0,6.0,1.0,1.0,1.0,2.0,1.0,3.0,1.0,2.0,4.0,2.0,2.0,1.0,2.0,1.0,8.0,1.0,3.0,14.0,1.0,2.0,1.0,3.0
2019-02-10 05:00:00,2.0,7.0,1.0,1.0,1.0,1.0,1.0,3.0,2.0,2.0,4.0,2.0,2.0,1.0,1.0,1.0,4.0,1.0,1.0,13.0,1.0,2.0,1.0,3.0
2019-02-10 06:00:00,2.0,9.0,1.0,1.0,1.0,1.0,1.0,5.0,1.0,2.0,2.0,1.0,2.0,1.0,1.0,1.0,5.0,1.0,1.0,12.0,1.0,3.0,1.0,3.0
2019-02-10 07:00:00,2.0,6.0,1.0,1.0,3.0,1.0,1.0,24.0,27.0,2.0,2.0,3.0,3.0,1.0,2.0,1.0,6.0,1.0,9.0,13.0,1.0,5.0,1.0,3.0
2019-02-10 08:00:00,2.0,5.0,1.0,1.0,2.0,2.0,1.0,39.0,1.0,2.0,2.0,3.0,3.0,1.0,2.0,1.0,5.0,1.0,69.0,24.0,3.0,11.0,7.0,3.0
2019-02-10 09:00:00,4.0,7.0,2.0,3.0,5.0,2.0,1.0,51.0,3.0,2.0,5.0,3.0,3.0,1.0,3.0,1.0,9.0,1.0,75.0,14.0,2.0,18.0,26.0,5.0
2019-02-10 10:00:00,6.0,10.0,3.0,4.0,6.0,3.0,1.0,31.0,3.0,5.0,3.0,6.0,5.0,1.0,5.0,1.0,15.0,1.0,47.0,15.0,4.0,9.0,3.0,5.0
2019-02-10 11:00:00,6.0,13.0,4.0,5.0,6.0,3.0,1.0,8.0,3.0,4.0,6.0,5.0,5.0,1.0,5.0,1.0,11.0,1.0,1.0,18.0,4.0,2.0,4.0,5.0
2019-02-10 12:00:00,5.0,24.0,4.0,4.0,6.0,4.0,1.0,4.0,4.0,5.0,7.0,5.0,5.0,1.0,6.0,1.0,12.0,1.0,2.0,23.0,4.0,2.0,3.0,5.0
2019-02-10 13:00:00,6.0,21.0,3.0,5.0,6.0,4.0,1.0,5.0,2.0,5.0,5.0,5.0,6.0,1.0,6.0,1.0,12.0,1.0,2.0,21.0,7.0,2.0,4.0,5.0
2019-02-10 14:00:00,6.0,22.0,5.0,5.0,7.0,5.0,1.0,5.0,3.0,6.0,6.0,5.0,6.0,1.0,7.0,1.0,15.0,1.0,2.0,22.0,6.0,2.0,3.0,5.0
2019-02-10 15:00:00,8.0,17.0,4.0,5.0,6.0,4.0,1.0,4.0,3.0,6.0,7.0,6.0,6.0,1.0,7.0,1.0,14.0,1.0,2.0,23.0,6.0,2.0,3.0,5.0
2019-02-10 16:00:00,6.0,12.0,3.0,4.0,4.0,3.0,1.0,4.0,3.0,4.0,6.0,5.0,4.0,1.0,4.0,1.0,12.0,1.0,1.0,20.0,3.0,1.0,3.0,4.0
2019-02-10 17:00:00,5.0,13.0,2.0,4.0,5.0,4.0,1.0,3.0,2.0,3.0,4.0,5.0,4.0,1.0,4.0,1.0,12.0,1.0,1.0,18.0,3.0,2.0,2.0,4.0
2019-02-10 18:00:00,6.0,13.0,2.0,3.0,4.0,3.0,1.0,4.0,2.0,3.0,4.0,5.0,4.0,1.0,4.0,1.0,13.0,1.0,1.0,24.0,4.0,2.0,2.0,4.0
2019-02-10 19:00:00,4.0,12.0,2.0,2.0,5.0,3.0,1.0,2.0,1.0,4.0,5.0,5.0,5.0,1.0,3.0,1.0,12.0,1.0,1.0,19.0,4.0,2.0,1.0,4.0
2019-02-10 20:00:00,5.0,11.0,2.0,2.0,6.0,3.0,1.0,3.0,1.0,4.0,7.0,6.0,7.0,1.0,5.0,1.0,13.0,1.0,1.0,16.0,4.0,1.0,1.0,4.0
2019-02-10 21:00:00,4.0,8.0,2.0,2.0,7.0,2.0,1.0,2.0,1.0,4.0,7.0,7.0,6.0,1.0,4.0,1.0,12.0,1.0,1.0,19.0,4.0,1.0,1.0,4.0
2019-02-10 22:00:00,7.0,8.0,3.0,1.0,8.0,2.0,1.0,2.0,2.0,4.0,10.0,3.0,6.0,1.0,3.0,1.0,14.0,1.0,1.0,15.0,3.0,1.0,1.0,3.0
2019-02-10 23:00:00,3.0,6.0,2.0,1.0,6.0,2.0,1.0,2.0,2.0,3.0,3.0,2.0,5.0,1.0,2.0,1.0,10.0,1.0,1.0,14.0,2.0,1.0,1.0,3.0
2019-02-11 00:00:00,2.0,7.0,1.0,1.0,4.0,1.0,1.0,2.0,1.0,2.0,3.0,2.0,7.0,1.0,2.0,1.0,8.0,1.0,1.0,13.0,1.0,1.0,1.0,3.0
2019-02-11 01:00:00,2.0,5.0,1.0,1.0,3.0,2.0,1.0,1.0,1.0,2.0,2.0,2.0,3.0,1.0,1.0,1.0,8.0,1.0,1.0,12.0,1.0,1.0,1.0,3.0
2019-02-11 02:00:00,2.0,2.0,1.0,1.0,2.0,2.0,1.0,1.0,3.0,2.0,2.0,1.0,3.0,1.0,1.0,1.0,3.0,1.0,1.0,13.0,1.0,1.0,1.0,3.0
2019-02-11 03:00:00,1.0,2.0,1.0,1.0,3.0,1.0,1.0,1.0,2.0,1.0,1.0,6.0,2.0,1.0,1.0,1.0,3.0,1.0,1.0,14.0,1.0,1.0,1.0,3.0
2019-02-11 04:00:00,1.0,1.0,1.0,1.0,1.0,1.0,1.0,1.0,1.0,1.0,5.0,1.0,1.0,1.0,1.0,1.0,2.0,1.0,1.0,11.0,1.0,1.0,1.0,3.0
2019-02-11 05:00:00,1.0,1.0,1.0,1.0,1.0,1.0,1.0,2.0,8.0,1.0,1.0,1.0,1.0,1.0,1.0,1.0,2.0,1.0,12.0,11.0,1.0,1.0,1.0,3.0
2019-02-11 06:00:00,2.0,1.0,1.0,2.0,2.0,1.0,1.0,8.0,5.0,2.0,2.0,5.0,1.0,1.0,2.0,1.0,7.0,1.0,41.0,17.0,2.0,1.0,1.0,3.0
2019-02-11 07:00:00,24.0,19.0,8.0,15.0,52.0,7.0,1.0,18.0,6.0,12.0,9.0,18.0,12.0,23.0,4.0,2.0,6.0,47.0,99.0,54.0,5.0,9.0,3.0,6.0
2019-02-11 08:00:00,155.0,69.0,24.0,69.0,157.0,32.0,1.0,76.0,31.0,12.0,22.0,13.0,25.0,59.0,24.0,16.0,13.0,58.0,152.0,107.0,12.0,27.0,33.0,19.0
2019-02-11 09:00:00,199.0,85.0,24.0,47.0,318.0,100.0,4.0,57.0,41.0,29.0,73.0,19.0,33.0,44.0,19.0,19.0,21.0,83.0,140.0,136.0,19.0,20.0,56.0,35.0
2019-02-11 10:00:00,149.0,69.0,14.0,19.0,161.0,58.0,16.0,18.0,30.0,14.0,59.0,8.0,20.0,25.0,11.0,12.0,15.0,41.0,24.0,124.0,11.0,14.0,14.0,12.0
2019-02-11 11:00:00,23.0,45.0,8.0,8.0,9.0,10.0,6.0,5.0,31.0,9.0,37.0,7.0,10.0,8.0,6.0,6.0,8.0,10.0,8.0,39.0,8.0,7.0,5.0,9.0
2019-02-11 12:00:00,26.0,37.0,9.0,4.0,7.0,9.0,4.0,3.0,27.0,8.0,23.0,6.0,8.0,7.0,5.0,3.0,6.0,4.0,9.0,50.0,4.0,2.0,2.0,8.0
2019-02-11 13:00:00,18.0,22.0,12.0,4.0,6.0,7.0,3.0,7.0,22.0,10.0,24.0,4.0,6.0,5.0,3.0,2.0,13.0,1.0,3.0,57.0,3.0,4.0,2.0,6.0
2019-02-11 14:00:00,16.0,20.0,9.0,3.0,5.0,7.0,2.0,5.0,19.0,7.0,24.0,4.0,6.0,5.0,4.0,2.0,18.0,1.0,3.0,52.0,5.0,2.0,2.0,6.0
2019-02-11 15:00:00,12.0,12.0,7.0,6.0,5.0,6.0,2.0,3.0,12.0,6.0,19.0,4.0,5.0,3.0,2.0,1.0,4.0,1.0,2.0,39.0,3.0,1.0,2.0,8.0
2019-02-11 16:00:00,13.0,14.0,4.0,2.0,4.0,5.0,2.0,2.0,17.0,7.0,12.0,4.0,5.0,3.0,2.0,1.0,2.0,3.0,3.0,41.0,3.0,1.0,1.0,7.0
2019-02-11 17:00:00,15.0,16.0,8.0,3.0,3.0,4.0,2.0,1.0,18.0,8.0,11.0,4.0,4.0,3.0,2.0,1.0,5.0,5.0,2.0,49.0,5.0,1.0,1.0,6.0
2019-02-11 18:00:00,18.0,27.0,4.0,3.0,2.0,5.0,2.0,1.0,12.0,6.0,16.0,3.0,4.0,3.0,2.0,52.0,2.0,7.0,2.0,52.0,7.0,1.0,1.0,7.0
2019-02-11 19:00:00,17.0,31.0,3.0,2.0,2.0,4.0,1.0,1.0,7.0,7.0,9.0,3.0,5.0,6.0,1.0,1.0,2.0,22.0,5.0,63.0,9.0,1.0,1.0,6.0
2019-02-11 20:00:00,16.0,34.0,4.0,9.0,2.0,6.0,1.0,2.0,5.0,5.0,18.0,3.0,9.0,3.0,1.0,1.0,3.0,58.0,5.0,63.0,6.0,5.0,1.0,6.0
2019-02-11 21:00:00,13.0,24.0,4.0,4.0,4.0,5.0,1.0,4.0,8.0,5.0,17.0,3.0,8.0,4.0,1.0,1.0,3.0,20.0,2.0,42.0,5.0,3.0,1.0,6.0
2019-02-11 22:00:00,9.0,15.0,3.0,4.0,3.0,5.0,1.0,3.0,5.0,4.0,5.0,2.0,4.0,1.0,1.0,1.0,2.0,9.0,1.0,32.0,3.0,4.0,1.0,4.0
2019-02-11 23:00:00,8.0,7.0,1.0,2.0,1.0,2.0,1.0,2.0,4.0,3.0,7.0,1.0,3.0,1.0,1.0,1.0,1.0,7.0,1.0,26.0,1.0,2.0,1.0,3.0
2019-02-12 00:00:00,4.0,2.0,1.0,1.0,1.0,2.0,1.0,2.0,2.0,2.0,6.0,1.0,2.0,1.0,1.0,1.0,1.0,1.0,1.0,17.0,1.0,2.0,1.0,3.0
2019-02-12 01:00:00,2.0,1.0,1.0,1.0,1.0,1.0,1.0,1.0,2.0,1.0,5.0,1.0,2.0,1.0,1.0,1.0,1.0,1.0,1.0,16.0,1.0,1.0,1.0,3.0
2019-02-12 02:00:00,1.0,1.0,1.0,1.0,1.0,1.0,1.0,1.0,1.0,1.0,2.0,1.0,1.0,1.0,1.0,1.0,1.0,1.0,1.0,14.0,1.0,1.0,1.0,3.0
2019-02-12 03:00:00,1.0,1.0,1.0,1.0,1.0,1.0,1.0,1.0,2.0,1.0,2.0,1.0,1.0,1.0,1.0,1.0,1.0,1.0,1.0,13.0,1.0,1.0,1.0,3.0
2019-02-12 04:00:00,2.0,1.0,1.0,1.0,1.0,1.0,1.0,1.0,1.0,1.0,1.0,1.0,1.0,1.0,2.0,1.0,1.0,1.0,1.0,18.0,1.0,1.0,1.0,3.0
2019-02-12 05:00:00,2.0,1.0,1.0,1.0,1.0,1.0,1.0,1.0,2.0,1.0,1.0,1.0,1.0,1.0,1.0,1.0,1.0,1.0,1.0,16.0,5.0,1.0,1.0,3.0
2019-02-12 06:00:00,5.0,1.0,1.0,1.0,1.0,1.0,1.0,5.0,1.0,4.0,2.0,1.0,1.0,1.0,1.0,1.0,1.0,1.0,3.0,18.0,1.0,1.0,1.0,3.0
2019-02-12 07:00:00,38.0,4.0,1.0,1.0,2.0,4.0,1.0,14.0,2.0,3.0,4.0,1.0,2.0,1.0,1.0,1.0,2.0,7.0,13.0,35.0,1.0,6.0,1.0,4.0
2019-02-12 08:00:00,138.0,20.0,3.0,6.0,16.0,30.0,1.0,39.0,13.0,27.0,29.0,5.0,8.0,7.0,5.0,1.0,6.0,49.0,68.0,70.0,6.0,23.0,13.0,15.0
2019-02-12 09:00:00,206.0,58.0,14.0,37.0,40.0,47.0,11.0,46.0,32.0,27.0,69.0,13.0,24.0,22.0,10.0,6.0,12.0,55.0,72.0,98.0,25.0,17.0,24.0,26.0
2019-02-12 10:00:00,162.0,63.0,14.0,18.0,28.0,52.0,19.0,44.0,50.0,37.0,64.0,15.0,25.0,27.0,13.0,12.0,12.0,43.0,54.0,84.0,31.0,16.0,19.0,21.0
2019-02-12 11:00:00,44.0,45.0,8.0,11.0,19.0,17.0,12.0,20.0,36.0,19.0,33.0,8.0,16.0,16.0,15.0,6.0,7.0,16.0,20.0,49.0,7.0,6.0,6.0,12.0
2019-02-12 12:00:00,39.0,43.0,10.0,14.0,10.0,11.0,9.0,11.0,28.0,18.0,23.0,7.0,11.0,19.0,7.0,5.0,7.0,13.0,7.0,49.0,7.0,3.0,7.0,8.0
2019-02-12 13:00:00,23.0,27.0,34.0,10.0,14.0,15.0,12.0,5.0,22.0,19.0,27.0,9.0,14.0,11.0,19.0,6.0,14.0,5.0,5.0,45.0,6.0,2.0,4.0,8.0
2019-02-12 14:00:00,19.0,21.0,30.0,12.0,13.0,13.0,8.0,8.0,19.0,25.0,64.0,13.0,17.0,7.0,27.0,6.0,18.0,1.0,7.0,45.0,7.0,3.0,6.0,10.0
2019-02-12 15:00:00,17.0,19.0,28.0,12.0,15.0,12.0,7.0,9.0,12.0,15.0,25.0,13.0,14.0,7.0,24.0,5.0,37.0,1.0,9.0,35.0,9.0,3.0,7.0,13.0
2019-02-12 16:00:00,16.0,22.0,22.0,10.0,9.0,11.0,6.0,8.0,16.0,21.0,21.0,19.0,8.0,6.0,21.0,8.0,24.0,2.0,7.0,34.0,15.0,6.0,5.0,17.0
2019-02-12 17:00:00,16.0,21.0,20.0,11.0,7.0,9.0,7.0,6.0,11.0,20.0,23.0,18.0,10.0,2.0,9.0,5.0,8.0,2.0,5.0,38.0,17.0,6.0,5.0,19.0
2019-02-12 18:00:00,8.0,21.0,26.0,9.0,9.0,7.0,61.0,5.0,7.0,25.0,26.0,10.0,10.0,1.0,18.0,2.0,33.0,1.0,3.0,35.0,16.0,8.0,3.0,13.0
2019-02-12 19:00:00,9.0,44.0,68.0,21.0,34.0,4.0,1.0,33.0,4.0,37.0,29.0,9.0,28.0,1.0,28.0,1.0,82.0,1.0,16.0,53.0,37.0,15.0,8.0,17.0
2019-02-12 20:00:00,64.0,64.0,112.0,53.0,175.0,40.0,7.0,33.0,18.0,79.0,84.0,24.0,64.0,7.0,37.0,1.0,86.0,139.0,42.0,73.0,79.0,8.0,27.0,25.0
2019-02-12 21:00:00,191.0,78.0,91.0,74.0,239.0,63.0,1.0,74.0,41.0,166.0,90.0,69.0,110.0,63.0,76.0,4.0,74.0,81.0,97.0,102.0,171.0,9.0,37.0,20.0
2019-02-12 22:00:00,108.0,98.0,96.0,128.0,290.0,74.0,11.0,74.0,147.0,113.0,112.0,224.0,102.0,103.0,66.0,27.0,90.0,57.0,93.0,108.0,108.0,5.0,40.0,57.0
2019-02-12 23:00:00,90.0,54.0,33.0,55.0,237.0,73.0,24.0,43.0,114.0,89.0,75.0,177.0,38.0,85.0,38.0,49.0,36.0,91.0,101.0,85.0,33.0,2.0,15.0,77.0
2019-02-13 00:00:00,85.0,41.0,3.0,27.0,264.0,61.0,26.0,12.0,38.0,65.0,17.0,20.0,31.0,65.0,2.0,28.0,20.0,51.0,41.0,109.0,2.0,1.0,3.0,28.0
2019-02-13 01:00:00,53.0,9.0,1.0,2.0,224.0,38.0,24.0,4.0,34.0,16.0,6.0,1.0,5.0,64.0,4.0,5.0,2.0,25.0,11.0,73.0,1.0,1.0,1.0,4.0
2019-02-13 02:00:00,42.0,3.0,1.0,1.0,207.0,26.0,16.0,1.0,45.0,6.0,4.0,1.0,2.0,39.0,1.0,1.0,1.0,46.0,1.0,51.0,2.0,1.0,1.0,4.0
2019-02-13 03:00:00,19.0,2.0,1.0,1.0,190.0,9.0,18.0,1.0,74.0,2.0,2.0,1.0,1.0,24.0,1.0,1.0,1.0,20.0,1.0,29.0,1.0,1.0,1.0,11.0
2019-02-13 04:00:00,10.0,1.0,1.0,1.0,96.0,10.0,18.0,1.0,29.0,3.0,2.0,1.0,1.0,4.0,1.0,1.0,1.0,2.0,1.0,25.0,1.0,1.0,1.0,7.0
2019-02-13 05:00:00,7.0,1.0,1.0,1.0,102.0,10.0,11.0,2.0,26.0,1.0,3.0,1.0,1.0,2.0,1.0,1.0,2.0,7.0,2.0,33.0,1.0,1.0,1.0,6.0
2019-02-13 06:00:00,10.0,2.0,1.0,1.0,88.0,12.0,8.0,6.0,48.0,3.0,1.0,2.0,2.0,5.0,1.0,1.0,3.0,6.0,4.0,30.0,1.0,1.0,1.0,6.0
2019-02-13 07:00:00,45.0,9.0,3.0,4.0,109.0,25.0,2.0,19.0,68.0,15.0,12.0,4.0,3.0,15.0,1.0,1.0,5.0,15.0,17.0,56.0,2.0,9.0,1.0,15.0
2019-02-13 08:00:00,148.0,72.0,32.0,24.0,162.0,61.0,1.0,45.0,64.0,37.0,38.0,28.0,37.0,60.0,25.0,16.0,24.0,108.0,72.0,107.0,14.0,28.0,2.0,86.0
2019-02-13 09:00:00,217.0,163.0,87.0,36.0,321.0,121.0,15.0,58.0,197.0,118.0,113.0,68.0,119.0,126.0,52.0,43.0,55.0,107.0,86.0,184.0,61.0,25.0,9.0,122.0
2019-02-13 10:00:00,161.0,125.0,51.0,33.0,237.0,136.0,24.0,43.0,168.0,85.0,133.0,68.0,59.0,147.0,45.0,50.0,30.0,147.0,61.0,202.0,48.0,17.0,11.0,95.0
2019-02-13 11:00:00,142.0,88.0,20.0,21.0,169.0,17.0,69.0,36.0,134.0,39.0,69.0,33.0,49.0,77.0,31.0,28.0,16.0,78.0,30.0,49.0,19.0,13.0,10.0,56.0
2019-02-13 12:00:00,127.0,50.0,21.0,14.0,10.0,85.0,92.0,29.0,99.0,36.0,41.0,21.0,38.0,28.0,23.0,15.0,12.0,35.0,25.0,137.0,12.0,15.0,13.0,24.0
2019-02-13 13:00:00,35.0,22.0,21.0,8.0,18.0,29.0,41.0,31.0,30.0,21.0,27.0,9.0,11.0,14.0,15.0,7.0,14.0,15.0,10.0,75.0,9.0,7.0,10.0,9.0
2019-02-13 14:00:00,33.0,18.0,12.0,11.0,12.0,20.0,8.0,15.0,23.0,14.0,19.0,9.0,10.0,12.0,13.0,5.0,9.0,13.0,5.0,46.0,5.0,5.0,11.0,9.0
2019-02-13 15:00:00,28.0,18.0,12.0,8.0,7.0,13.0,14.0,9.0,16.0,9.0,19.0,7.0,7.0,6.0,8.0,3.0,10.0,3.0,6.0,42.0,6.0,4.0,8.0,7.0
2019-02-13 16:00:00,23.0,15.0,10.0,9.0,6.0,8.0,7.0,3.0,13.0,9.0,17.0,8.0,7.0,5.0,7.0,2.0,7.0,2.0,2.0,38.0,10.0,3.0,5.0,9.0
2019-02-13 17:00:00,22.0,11.0,23.0,8.0,5.0,6.0,5.0,3.0,18.0,10.0,13.0,6.0,7.0,3.0,11.0,1.0,7.0,2.0,2.0,32.0,5.0,4.0,3.0,7.0
2019-02-13 18:00:00,21.0,13.0,20.0,3.0,8.0,5.0,3.0,4.0,17.0,7.0,13.0,3.0,5.0,1.0,3.0,1.0,3.0,2.0,2.0,33.0,5.0,3.0,2.0,7.0
2019-02-13 19:00:00,23.0,26.0,4.0,6.0,96.0,7.0,1.0,27.0,12.0,46.0,29.0,4.0,9.0,4.0,2.0,1.0,3.0,62.0,11.0,213.0,23.0,6.0,3.0,12.0
2019-02-13 20:00:00,162.0,126.0,126.0,71.0,236.0,87.0,2.0,74.0,27.0,164.0,107.0,102.0,57.0,134.0,44.0,1.0,72.0,220.0,61.0,295.0,107.0,10.0,7.0,49.0
2019-02-13 21:00:00,247.0,174.0,190.0,98.0,335.0,160.0,2.0,107.0,99.0,83.0,134.0,282.0,105.0,132.0,17.0,13.0,54.0,210.0,185.0,128.0,144.0,12.0,10.0,45.0
2019-02-13 22:00:00,113.0,158.0,205.0,145.0,372.0,108.0,9.0,89.0,167.0,97.0,260.0,376.0,86.0,101.0,89.0,70.0,98.0,124.0,162.0,98.0,203.0,5.0,32.0,42.0
2019-02-13 23:00:00,111.0,113.0,88.0,139.0,332.0,93.0,20.0,75.0,125.0,131.0,97.0,193.0,45.0,88.0,53.0,106.0,98.0,117.0,104.0,97.0,88.0,2.0,28.0,80.0
2019-02-14 00:00:00,105.0,71.0,50.0,83.0,328.0,59.0,11.0,25.0,82.0,59.0,27.0,47.0,27.0,64.0,29.0,65.0,42.0,58.0,37.0,94.0,17.0,3.0,44.0,17.0
2019-02-14 01:00:00,98.0,22.0,41.0,36.0,265.0,48.0,5.0,30.0,24.0,82.0,9.0,43.0,9.0,94.0,25.0,29.0,19.0,35.0,48.0,115.0,2.0,1.0,11.0,11.0
2019-02-14 02:00:00,64.0,3.0,3.0,3.0,231.0,38.0,10.0,10.0,8.0,14.0,1.0,35.0,3.0,76.0,2.0,1.0,2.0,2.0,43.0,70.0,1.0,1.0,9.0,5.0
2019-02-14 03:00:00,25.0,3.0,1.0,17.0,150.0,13.0,10.0,2.0,7.0,16.0,1.0,11.0,4.0,32.0,1.0,1.0,1.0,12.0,4.0,22.0,1.0,1.0,3.0,4.0
2019-02-14 04:00:00,21.0,2.0,1.0,1.0,54.0,6.0,14.0,2.0,6.0,1.0,2.0,1.0,2.0,10.0,1.0,1.0,1.0,1.0,1.0,19.0,1.0,1.0,1.0,4.0
2019-02-14 05:00:00,11.0,1.0,1.0,1.0,43.0,13.0,2.0,4.0,4.0,3.0,1.0,1.0,1.0,4.0,1.0,1.0,3.0,4.0,2.0,43.0,1.0,1.0,1.0,3.0
2019-02-14 06:00:00,39.0,2.0,1.0,1.0,63.0,22.0,1.0,3.0,4.0,8.0,5.0,1.0,2.0,5.0,1.0,1.0,3.0,4.0,2.0,80.0,3.0,2.0,1.0,3.0
2019-02-14 07:00:00,41.0,16.0,10.0,4.0,162.0,30.0,1.0,24.0,13.0,21.0,6.0,27.0,9.0,21.0,2.0,1.0,2.0,40.0,23.0,125.0,5.0,13.0,1.0,7.0
2019-02-14 08:00:00,151.0,110.0,68.0,41.0,215.0,69.0,6.0,69.0,56.0,127.0,64.0,123.0,29.0,61.0,17.0,6.0,19.0,150.0,205.0,150.0,21.0,27.0,14.0,77.0
2019-02-14 09:00:00,299.0,116.0,64.0,98.0,331.0,139.0,12.0,110.0,77.0,87.0,32.0,214.0,49.0,143.0,32.0,70.0,28.0,215.0,234.0,228.0,88.0,31.0,44.0,140.0
2019-02-14 10:00:00,318.0,49.0,44.0,63.0,123.0,113.0,45.0,89.0,60.0,50.0,41.0,316.0,43.0,95.0,23.0,22.0,27.0,130.0,110.0,191.0,100.0,26.0,44.0,92.0
2019-02-14 11:00:00,127.0,44.0,41.0,33.0,17.0,36.0,49.0,42.0,56.0,47.0,136.0,94.0,56.0,23.0,26.0,21.0,45.0,76.0,40.0,61.0,27.0,13.0,17.0,57.0
2019-02-14 12:00:00,71.0,44.0,32.0,21.0,11.0,32.0,34.0,24.0,48.0,19.0,54.0,69.0,29.0,22.0,34.0,18.0,36.0,29.0,39.0,63.0,12.0,33.0,14.0,18.0
2019-02-14 13:00:00,42.0,30.0,16.0,11.0,6.0,16.0,15.0,11.0,29.0,26.0,26.0,9.0,13.0,9.0,17.0,9.0,10.0,6.0,15.0,49.0,10.0,17.0,11.0,9.0
2019-02-14 14:00:00,24.0,17.0,19.0,14.0,5.0,9.0,9.0,8.0,17.0,20.0,16.0,14.0,10.0,1.0,14.0,4.0,11.0,1.0,10.0,38.0,10.0,6.0,8.0,12.0
2019-02-14 15:00:00,16.0,13.0,17.0,10.0,4.0,7.0,6.0,7.0,15.0,10.0,14.0,10.0,6.0,4.0,11.0,3.0,9.0,1.0,6.0,40.0,12.0,11.0,5.0,14.0
2019-02-14 16:00:00,15.0,15.0,10.0,5.0,3.0,4.0,4.0,3.0,8.0,6.0,15.0,8.0,4.0,2.0,6.0,1.0,4.0,1.0,2.0,32.0,9.0,9.0,3.0,11.0
2019-02-14 17:00:00,15.0,11.0,13.0,4.0,7.0,5.0,3.0,3.0,7.0,9.0,9.0,6.0,6.0,1.0,8.0,1.0,7.0,1.0,1.0,26.0,8.0,5.0,3.0,8.0
2019-02-14 18:00:00,16.0,18.0,20.0,8.0,4.0,8.0,2.0,10.0,6.0,6.0,11.0,5.0,6.0,1.0,6.0,1.0,2.0,2.0,4.0,34.0,10.0,4.0,2.0,9.0
2019-02-14 19:00:00,25.0,29.0,10.0,9.0,45.0,6.0,1.0,22.0,17.0,7.0,22.0,9.0,9.0,4.0,5.0,1.0,8.0,8.0,17.0,103.0,15.0,7.0,2.0,10.0
2019-02-14 20:00:00,123.0,52.0,47.0,45.0,158.0,44.0,1.0,59.0,24.0,94.0,53.0,13.0,48.0,77.0,48.0,1.0,72.0,80.0,64.0,163.0,85.0,7.0,10.0,18.0
2019-02-14 21:00:00,261.0,95.0,88.0,56.0,214.0,28.0,1.0,54.0,76.0,80.0,52.0,46.0,44.0,120.0,34.0,14.0,26.0,73.0,84.0,117.0,154.0,11.0,17.0,27.0
2019-02-14 22:00:00,96.0,92.0,129.0,78.0,175.0,55.0,2.0,57.0,101.0,83.0,68.0,103.0,71.0,111.0,65.0,36.0,52.0,115.0,110.0,128.0,65.0,4.0,23.0,28.0
2019-02-14 23:00:00,94.0,65.0,44.0,74.0,205.0,94.0,2.0,46.0,55.0,126.0,37.0,18.0,34.0,115.0,46.0,49.0,20.0,91.0,54.0,102.0,9.0,4.0,19.0,22.0
2019-02-15 00:00:00,103.0,38.0,56.0,44.0,235.0,63.0,3.0,26.0,17.0,118.0,15.0,38.0,7.0,101.0,9.0,30.0,11.0,95.0,41.0,80.0,11.0,3.0,8.0,23.0
2019-02-15 01:00:00,65.0,32.0,29.0,38.0,212.0,49.0,10.0,4.0,47.0,76.0,53.0,95.0,19.0,79.0,3.0,5.0,17.0,65.0,4.0,70.0,5.0,2.0,10.0,31.0
2019-02-15 02:00:00,56.0,15.0,15.0,12.0,158.0,25.0,5.0,2.0,49.0,33.0,29.0,75.0,16.0,53.0,2.0,8.0,8.0,55.0,1.0,28.0,5.0,1.0,1.0,42.0
2019-02-15 03:00:00,30.0,3.0,2.0,5.0,80.0,12.0,7.0,1.0,69.0,3.0,35.0,41.0,3.0,27.0,1.0,5.0,4.0,1.0,2.0,29.0,1.0,1.0,1.0,46.0
2019-02-15 04:00:00,25.0,2.0,1.0,1.0,55.0,14.0,5.0,1.0,41.0,2.0,5.0,4.0,2.0,11.0,1.0,1.0,4.0,2.0,1.0,22.0,1.0,1.0,1.0,18.0
2019-02-15 05:00:00,20.0,1.0,1.0,1.0,67.0,15.0,5.0,1.0,27.0,2.0,3.0,20.0,2.0,10.0,1.0,1.0,1.0,9.0,1.0,34.0,1.0,1.0,1.0,19.0
2019-02-15 06:00:00,25.0,3.0,2.0,1.0,105.0,19.0,1.0,9.0,33.0,4.0,3.0,4.0,2.0,13.0,1.0,1.0,1.0,14.0,27.0,35.0,1.0,2.0,1.0,5.0
2019-02-15 07:00:00,51.0,8.0,5.0,5.0,181.0,29.0,2.0,28.0,39.0,20.0,13.0,9.0,11.0,31.0,2.0,1.0,6.0,66.0,30.0,58.0,5.0,10.0,1.0,8.0
2019-02-15 08:00:00,105.0,77.0,33.0,22.0,166.0,64.0,6.0,33.0,94.0,32.0,52.0,35.0,44.0,72.0,29.0,11.0,28.0,40.0,43.0,104.0,25.0,31.0,6.0,89.0
2019-02-15 09:00:00,135.0,132.0,63.0,38.0,257.0,109.0,23.0,43.0,177.0,45.0,87.0,189.0,41.0,138.0,50.0,28.0,80.0,81.0,63.0,176.0,64.0,28.0,11.0,167.0
2019-02-15 10:00:00,174.0,106.0,38.0,39.0,166.0,132.0,41.0,46.0,192.0,65.0,50.0,43.0,64.0,168.0,45.0,41.0,30.0,117.0,57.0,219.0,40.0,28.0,24.0,85.0
2019-02-15 11:00:00,177.0,75.0,38.0,38.0,76.0,140.0,115.0,35.0,77.0,61.0,43.0,24.0,43.0,174.0,32.0,32.0,18.0,62.0,71.0,175.0,16.0,32.0,15.0,26.0
2019-02-15 12:00:00,143.0,57.0,21.0,32.0,38.0,83.0,118.0,30.0,127.0,43.0,36.0,18.0,44.0,55.0,17.0,32.0,13.0,45.0,36.0,95.0,10.0,23.0,16.0,18.0
2019-02-15 13:00:00,74.0,34.0,21.0,11.0,41.0,52.0,55.0,31.0,36.0,18.0,31.0,15.0,25.0,29.0,11.0,15.0,9.0,31.0,18.0,84.0,12.0,4.0,15.0,12.0
2019-02-15 14:00:00,28.0,18.0,14.0,10.0,29.0,32.0,27.0,14.0,27.0,23.0,26.0,11.0,12.0,12.0,8.0,3.0,10.0,5.0,8.0,56.0,9.0,5.0,9.0,10.0
2019-02-15 15:00:00,25.0,18.0,13.0,9.0,23.0,15.0,16.0,7.0,19.0,12.0,16.0,13.0,13.0,10.0,12.0,5.0,9.0,6.0,6.0,42.0,8.0,4.0,7.0,12.0
2019-02-15 16:00:00,28.0,20.0,19.0,8.0,30.0,14.0,14.0,7.0,17.0,10.0,21.0,13.0,14.0,11.0,16.0,6.0,11.0,7.0,8.0,43.0,11.0,5.0,6.0,12.0
2019-02-15 17:00:00,30.0,20.0,19.0,6.0,11.0,15.0,13.0,6.0,19.0,12.0,24.0,15.0,12.0,11.0,13.0,5.0,13.0,5.0,6.0,45.0,12.0,5.0,7.0,10.0
2019-02-15 18:00:00,43.0,19.0,6.0,7.0,7.0,13.0,10.0,6.0,19.0,10.0,20.0,11.0,11.0,7.0,11.0,3.0,10.0,10.0,5.0,50.0,15.0,4.0,6.0,10.0
2019-02-15 19:00:00,85.0,36.0,13.0,6.0,47.0,18.0,3.0,45.0,17.0,14.0,37.0,20.0,16.0,11.0,6.0,1.0,10.0,5.0,12.0,153.0,36.0,25.0,2.0,14.0
2019-02-15 20:00:00,135.0,110.0,181.0,25.0,227.0,134.0,2.0,139.0,39.0,69.0,192.0,173.0,63.0,70.0,39.0,2.0,64.0,211.0,132.0,426.0,184.0,14.0,31.0,61.0
2019-02-15 21:00:00,232.0,191.0,408.0,89.0,298.0,293.0,24.0,190.0,91.0,119.0,288.0,374.0,138.0,139.0,126.0,34.0,204.0,394.0,247.0,410.0,303.0,7.0,76.0,86.0
2019-02-15 22:00:00,219.0,225.0,257.0,126.0,407.0,103.0,58.0,122.0,207.0,114.0,282.0,460.0,131.0,173.0,160.0,90.0,220.0,195.0,257.0,96.0,282.0,7.0,136.0,71.0
2019-02-15 23:00:00,112.0,131.0,130.0,210.0,340.0,78.0,35.0,78.0,128.0,59.0,76.0,193.0,32.0,148.0,102.0,89.0,114.0,50.0,119.0,91.0,86.0,3.0,69.0,119.0
2019-02-16 00:00:00,109.0,110.0,75.0,121.0,275.0,84.0,45.0,59.0,173.0,144.0,30.0,112.0,28.0,115.0,50.0,59.0,78.0,81.0,56.0,101.0,115.0,5.0,44.0,61.0
2019-02-16 01:00:00,95.0,71.0,58.0,57.0,237.0,87.0,65.0,12.0,112.0,76.0,61.0,142.0,33.0,82.0,26.0,54.0,97.0,74.0,26.0,97.0,106.0,2.0,25.0,41.0
2019-02-16 02:00:00,85.0,42.0,30.0,21.0,146.0,52.0,36.0,3.0,78.0,9.0,109.0,158.0,34.0,69.0,13.0,21.0,59.0,24.0,4.0,51.0,38.0,2.0,4.0,48.0
2019-02-16 03:00:00,72.0,11.0,4.0,1.0,53.0,26.0,25.0,16.0,35.0,3.0,8.0,15.0,2.0,55.0,1.0,1.0,7.0,1.0,2.0,35.0,2.0,3.0,1.0,36.0
2019-02-16 04:00:00,54.0,5.0,1.0,1.0,26.0,19.0,13.0,2.0,4.0,2.0,8.0,1.0,1.0,44.0,2.0,1.0,6.0,1.0,5.0,42.0,1.0,1.0,1.0,4.0
2019-02-16 05:00:00,54.0,3.0,1.0,1.0,29.0,17.0,7.0,5.0,7.0,2.0,2.0,1.0,1.0,23.0,3.0,1.0,3.0,1.0,2.0,49.0,1.0,1.0,1.0,3.0
2019-02-16 06:00:00,37.0,2.0,1.0,1.0,40.0,17.0,3.0,4.0,14.0,2.0,12.0,1.0,1.0,27.0,1.0,1.0,1.0,1.0,3.0,43.0,1.0,2.0,1.0,3.0
2019-02-16 07:00:00,58.0,4.0,1.0,1.0,46.0,17.0,1.0,11.0,24.0,4.0,11.0,1.0,1.0,2.0,1.0,1.0,2.0,1.0,6.0,60.0,1.0,2.0,1.0,4.0
2019-02-16 08:00:00,56.0,8.0,1.0,2.0,92.0,37.0,1.0,14.0,14.0,3.0,10.0,1.0,2.0,27.0,1.0,1.0,6.0,1.0,9.0,81.0,19.0,4.0,1.0,11.0
2019-02-16 09:00:00,101.0,15.0,3.0,4.0,113.0,56.0,2.0,11.0,14.0,3.0,62.0,4.0,2.0,43.0,2.0,5.0,20.0,6.0,16.0,118.0,19.0,7.0,2.0,10.0
2019-02-16 10:00:00,155.0,25.0,7.0,6.0,38.0,72.0,8.0,13.0,18.0,10.0,23.0,17.0,11.0,10.0,6.0,7.0,8.0,16.0,20.0,122.0,9.0,11.0,5.0,22.0
2019-02-16 11:00:00,30.0,24.0,7.0,9.0,34.0,27.0,16.0,14.0,21.0,24.0,28.0,13.0,20.0,16.0,5.0,7.0,7.0,12.0,19.0,45.0,9.0,5.0,16.0,20.0
2019-02-16 12:00:00,15.0,18.0,5.0,6.0,9.0,8.0,4.0,14.0,14.0,14.0,13.0,5.0,13.0,8.0,3.0,4.0,4.0,5.0,11.0,36.0,7.0,2.0,7.0,6.0
2019-02-16 13:00:00,15.0,13.0,4.0,4.0,4.0,6.0,3.0,2.0,12.0,5.0,11.0,4.0,6.0,4.0,2.0,1.0,2.0,1.0,2.0,30.0,4.0,2.0,2.0,6.0
2019-02-16 14:00:00,11.0,9.0,4.0,2.0,3.0,4.0,2.0,2.0,7.0,5.0,9.0,4.0,6.0,2.0,3.0,1.0,2.0,1.0,1.0,26.0,4.0,2.0,1.0,6.0
2019-02-16 15:00:00,10.0,7.0,6.0,2.0,2.0,4.0,1.0,2.0,5.0,4.0,4.0,3.0,4.0,2.0,2.0,1.0,2.0,1.0,1.0,29.0,4.0,2.0,1.0,5.0
2019-02-16 16:00:00,6.0,6.0,4.0,2.0,2.0,3.0,1.0,2.0,5.0,5.0,3.0,2.0,5.0,2.0,2.0,1.0,1.0,1.0,2.0,29.0,2.0,1.0,1.0,5.0
2019-02-16 17:00:00,6.0,6.0,3.0,2.0,2.0,3.0,1.0,2.0,3.0,3.0,3.0,2.0,3.0,1.0,3.0,1.0,1.0,1.0,1.0,26.0,1.0,1.0,1.0,5.0
2019-02-16 18:00:00,8.0,7.0,4.0,2.0,2.0,3.0,1.0,1.0,2.0,5.0,3.0,2.0,3.0,1.0,2.0,1.0,1.0,1.0,1.0,27.0,1.0,1.0,1.0,4.0
2019-02-16 19:00:00,14.0,11.0,8.0,1.0,1.0,4.0,1.0,1.0,2.0,7.0,2.0,1.0,6.0,1.0,1.0,1.0,1.0,1.0,1.0,45.0,1.0,3.0,1.0,5.0
2019-02-16 20:00:00,13.0,19.0,2.0,1.0,2.0,9.0,1.0,1.0,5.0,10.0,6.0,1.0,7.0,1.0,2.0,1.0,1.0,13.0,1.0,57.0,1.0,8.0,1.0,4.0
2019-02-16 21:00:00,12.0,19.0,2.0,1.0,2.0,6.0,1.0,1.0,12.0,4.0,4.0,2.0,7.0,2.0,1.0,1.0,1.0,13.0,1.0,54.0,2.0,10.0,1.0,5.0
2019-02-16 22:00:00,12.0,14.0,2.0,2.0,5.0,5.0,1.0,15.0,10.0,14.0,4.0,1.0,7.0,2.0,1.0,1.0,1.0,18.0,3.0,47.0,1.0,4.0,1.0,5.0
2019-02-16 23:00:00,9.0,9.0,2.0,1.0,34.0,5.0,1.0,15.0,11.0,14.0,2.0,1.0,3.0,1.0,1.0,1.0,1.0,11.0,29.0,126.0,3.0,3.0,1.0,4.0
2019-02-17 00:00:00,4.0,8.0,1.0,1.0,1.0,3.0,1.0,18.0,5.0,6.0,2.0,1.0,3.0,1.0,1.0,1.0,1.0,2.0,26.0,73.0,1.0,2.0,2.0,5.0
2019-02-17 01:00:00,5.0,5.0,1.0,6.0,2.0,3.0,1.0,10.0,5.0,6.0,1.0,1.0,3.0,2.0,1.0,1.0,1.0,3.0,50.0,59.0,1.0,2.0,18.0,4.0
2019-02-17 02:00:00,41.0,8.0,2.0,3.0,1.0,4.0,1.0,1.0,6.0,13.0,3.0,1.0,2.0,1.0,1.0,1.0,1.0,7.0,2.0,50.0,3.0,1.0,1.0,6.0
2019-02-17 03:00:00,52.0,6.0,1.0,6.0,11.0,10.0,1.0,2.0,6.0,6.0,7.0,1.0,2.0,1.0,1.0,1.0,1.0,16.0,5.0,47.0,1.0,1.0,1.0,6.0
2019-02-17 04:00:00,35.0,5.0,2.0,2.0,14.0,6.0,1.0,1.0,3.0,4.0,3.0,1.0,1.0,1.0,1.0,1.0,1.0,1.0,2.0,30.0,1.0,1.0,1.0,3.0
2019-02-17 05:00:00,24.0,3.0,2.0,1.0,24.0,9.0,1.0,2.0,6.0,2.0,5.0,2.0,1.0,1.0,1.0,1.0,1.0,1.0,2.0,37.0,1.0,1.0,1.0,3.0
2019-02-17 06:00:00,21.0,3.0,1.0,1.0,18.0,7.0,1.0,4.0,15.0,2.0,7.0,1.0,1.0,4.0,2.0,1.0,1.0,1.0,5.0,20.0,1.0,1.0,1.0,4.0
2019-02-17 07:00:00,24.0,3.0,2.0,1.0,11.0,5.0,1.0,3.0,35.0,2.0,6.0,7.0,1.0,4.0,1.0,1.0,1.0,1.0,1.0,22.0,1.0,2.0,1.0,5.0
2019-02-17 08:00:00,30.0,5.0,2.0,1.0,30.0,9.0,1.0,7.0,66.0,3.0,6.0,2.0,1.0,10.0,1.0,1.0,1.0,1.0,5.0,32.0,2.0,2.0,1.0,6.0
2019-02-17 09:00:00,77.0,5.0,1.0,2.0,32.0,18.0,2.0,12.0,17.0,6.0,3.0,2.0,3.0,5.0,1.0,1.0,2.0,6.0,13.0,46.0,2.0,6.0,1.0,8.0
2019-02-17 10:00:00,60.0,8.0,4.0,2.0,27.0,29.0,6.0,17.0,14.0,7.0,11.0,9.0,6.0,32.0,2.0,3.0,7.0,2.0,13.0,71.0,8.0,6.0,2.0,12.0
2019-02-17 11:00:00,108.0,14.0,13.0,4.0,20.0,22.0,11.0,17.0,17.0,10.0,12.0,10.0,8.0,29.0,3.0,4.0,5.0,3.0,14.0,57.0,10.0,5.0,3.0,11.0
2019-02-17 12:00:00,17.0,9.0,5.0,4.0,5.0,7.0,5.0,32.0,6.0,7.0,7.0,4.0,5.0,5.0,4.0,1.0,3.0,1.0,11.0,30.0,5.0,3.0,4.0,8.0
2019-02-17 13:00:00,10.0,7.0,4.0,4.0,4.0,5.0,4.0,4.0,12.0,5.0,8.0,3.0,4.0,3.0,3.0,1.0,3.0,1.0,3.0,24.0,3.0,2.0,3.0,6.0
2019-02-17 14:00:00,10.0,7.0,6.0,3.0,4.0,6.0,4.0,3.0,7.0,5.0,8.0,5.0,5.0,3.0,4.0,1.0,3.0,1.0,2.0,26.0,4.0,2.0,3.0,7.0
2019-02-17 15:00:00,7.0,5.0,14.0,3.0,3.0,5.0,3.0,3.0,5.0,7.0,7.0,5.0,4.0,2.0,4.0,1.0,5.0,1.0,1.0,26.0,5.0,4.0,2.0,6.0
2019-02-17 16:00:00,8.0,5.0,7.0,2.0,3.0,3.0,2.0,2.0,3.0,4.0,5.0,5.0,2.0,2.0,3.0,1.0,6.0,1.0,1.0,21.0,3.0,4.0,2.0,6.0
2019-02-17 17:00:00,4.0,9.0,7.0,2.0,4.0,3.0,1.0,2.0,1.0,3.0,3.0,3.0,3.0,1.0,3.0,1.0,4.0,1.0,1.0,18.0,3.0,3.0,1.0,5.0
2019-02-17 18:00:00,8.0,9.0,14.0,3.0,4.0,3.0,1.0,2.0,1.0,4.0,5.0,2.0,5.0,1.0,3.0,1.0,5.0,1.0,2.0,20.0,2.0,4.0,1.0,5.0
2019-02-17 19:00:00,18.0,18.0,12.0,2.0,5.0,8.0,1.0,15.0,2.0,9.0,12.0,1.0,3.0,1.0,2.0,1.0,2.0,1.0,4.0,87.0,11.0,13.0,1.0,7.0
2019-02-17 20:00:00,136.0,42.0,21.0,11.0,56.0,34.0,1.0,62.0,5.0,5.0,30.0,9.0,8.0,11.0,4.0,1.0,7.0,10.0,80.0,339.0,15.0,7.0,3.0,7.0
2019-02-17 21:00:00,174.0,46.0,58.0,50.0,123.0,114.0,1.0,29.0,9.0,10.0,20.0,26.0,5.0,3.0,10.0,5.0,38.0,2.0,48.0,324.0,54.0,4.0,6.0,5.0
2019-02-17 22:00:00,96.0,21.0,30.0,11.0,36.0,60.0,5.0,40.0,8.0,25.0,4.0,61.0,7.0,7.0,9.0,3.0,17.0,1.0,91.0,155.0,42.0,2.0,1.0,35.0
2019-02-17 23:00:00,38.0,12.0,5.0,1.0,2.0,15.0,29.0,27.0,6.0,11.0,2.0,1.0,4.0,1.0,1.0,1.0,2.0,7.0,53.0,99.0,23.0,2.0,8.0,33.0
2019-02-18 00:00:00,66.0,8.0,2.0,2.0,1.0,14.0,3.0,28.0,3.0,12.0,1.0,4.0,4.0,2.0,1.0,1.0,2.0,6.0,50.0,159.0,2.0,2.0,8.0,15.0
2019-02-18 01:00:00,64.0,3.0,1.0,9.0,2.0,55.0,1.0,6.0,5.0,5.0,1.0,1.0,4.0,3.0,1.0,1.0,1.0,1.0,29.0,104.0,2.0,1.0,22.0,5.0
2019-02-18 02:00:00,27.0,3.0,1.0,7.0,4.0,10.0,1.0,3.0,2.0,2.0,1.0,3.0,2.0,1.0,1.0,1.0,1.0,1.0,21.0,34.0,1.0,1.0,16.0,4.0
2019-02-18 03:00:00,10.0,1.0,1.0,1.0,1.0,8.0,1.0,1.0,1.0,5.0,1.0,2.0,2.0,1.0,1.0,1.0,1.0,1.0,2.0,30.0,1.0,1.0,1.0,4.0
2019-02-18 04:00:00,5.0,1.0,1.0,1.0,1.0,5.0,1.0,1.0,4.0,3.0,1.0,1.0,1.0,1.0,1.0,1.0,1.0,1.0,2.0,28.0,1.0,1.0,1.0,3.0
2019-02-18 05:00:00,6.0,1.0,1.0,1.0,1.0,3.0,1.0,1.0,10.0,3.0,1.0,1.0,1.0,1.0,1.0,1.0,1.0,1.0,2.0,15.0,1.0,1.0,1.0,3.0
2019-02-18 06:00:00,6.0,1.0,1.0,1.0,1.0,3.0,1.0,7.0,2.0,4.0,1.0,1.0,1.0,1.0,1.0,1.0,1.0,1.0,5.0,15.0,1.0,1.0,1.0,4.0
2019-02-18 07:00:00,60.0,6.0,2.0,3.0,6.0,14.0,1.0,16.0,4.0,7.0,6.0,5.0,5.0,8.0,3.0,1.0,1.0,7.0,18.0,45.0,2.0,8.0,1.0,8.0
2019-02-18 08:00:00,64.0,36.0,14.0,19.0,31.0,41.0,2.0,44.0,16.0,20.0,23.0,32.0,20.0,33.0,12.0,4.0,9.0,30.0,58.0,80.0,10.0,25.0,9.0,30.0
2019-02-18 09:00:00,100.0,76.0,24.0,33.0,66.0,91.0,32.0,46.0,36.0,62.0,55.0,49.0,28.0,48.0,28.0,18.0,23.0,47.0,76.0,134.0,36.0,21.0,22.0,68.0
2019-02-18 10:00:00,64.0,72.0,24.0,31.0,43.0,101.0,66.0,35.0,37.0,28.0,38.0,38.0,33.0,35.0,22.0,13.0,14.0,55.0,53.0,107.0,36.0,11.0,16.0,46.0
2019-02-18 11:00:00,49.0,55.0,14.0,10.0,25.0,35.0,37.0,17.0,39.0,20.0,31.0,16.0,24.0,27.0,14.0,11.0,12.0,27.0,27.0,58.0,11.0,6.0,9.0,15.0
2019-02-18 12:00:00,41.0,40.0,9.0,11.0,14.0,7.0,13.0,17.0,41.0,23.0,41.0,9.0,19.0,20.0,8.0,8.0,8.0,19.0,19.0,50.0,9.0,2.0,7.0,11.0
2019-02-18 13:00:00,36.0,30.0,7.0,6.0,7.0,11.0,8.0,6.0,20.0,12.0,21.0,6.0,9.0,15.0,6.0,4.0,6.0,8.0,4.0,38.0,6.0,2.0,6.0,7.0
2019-02-18 14:00:00,27.0,21.0,10.0,7.0,7.0,10.0,4.0,3.0,24.0,8.0,15.0,5.0,10.0,8.0,7.0,3.0,7.0,3.0,2.0,39.0,7.0,2.0,3.0,7.0
2019-02-18 15:00:00,16.0,13.0,21.0,7.0,5.0,9.0,7.0,4.0,17.0,8.0,12.0,5.0,7.0,7.0,7.0,2.0,8.0,2.0,2.0,40.0,7.0,3.0,4.0,7.0
2019-02-18 16:00:00,19.0,18.0,11.0,5.0,3.0,6.0,6.0,5.0,12.0,12.0,13.0,6.0,5.0,6.0,8.0,2.0,6.0,1.0,4.0,31.0,6.0,3.0,4.0,7.0
2019-02-18 17:00:00,19.0,13.0,37.0,11.0,4.0,5.0,4.0,7.0,8.0,8.0,17.0,4.0,6.0,2.0,7.0,1.0,15.0,2.0,3.0,35.0,7.0,3.0,3.0,7.0
2019-02-18 18:00:00,15.0,18.0,22.0,3.0,3.0,5.0,1.0,7.0,5.0,5.0,8.0,4.0,6.0,1.0,7.0,1.0,3.0,2.0,5.0,37.0,7.0,2.0,3.0,7.0
2019-02-18 19:00:00,6.0,26.0,7.0,3.0,3.0,5.0,1.0,14.0,3.0,14.0,23.0,4.0,8.0,1.0,3.0,1.0,2.0,25.0,12.0,64.0,11.0,6.0,2.0,9.0
2019-02-18 20:00:00,45.0,49.0,21.0,13.0,112.0,19.0,1.0,43.0,18.0,44.0,50.0,7.0,26.0,18.0,6.0,1.0,24.0,56.0,33.0,145.0,24.0,7.0,1.0,14.0
2019-02-18 21:00:00,151.0,44.0,26.0,25.0,146.0,24.0,1.0,29.0,25.0,79.0,65.0,21.0,26.0,45.0,21.0,6.0,44.0,49.0,56.0,71.0,85.0,11.0,5.0,18.0
2019-02-18 22:00:00,81.0,57.0,42.0,34.0,213.0,46.0,1.0,43.0,69.0,33.0,102.0,101.0,26.0,85.0,27.0,14.0,34.0,68.0,95.0,84.0,33.0,4.0,3.0,17.0
2019-02-18 23:00:00,85.0,60.0,33.0,71.0,193.0,68.0,1.0,88.0,72.0,34.0,34.0,100.0,26.0,71.0,15.0,30.0,19.0,38.0,125.0,84.0,21.0,3.0,20.0,35.0
2019-02-19 00:00:00,79.0,28.0,34.0,79.0,223.0,36.0,1.0,77.0,62.0,16.0,21.0,56.0,8.0,62.0,21.0,38.0,22.0,9.0,211.0,69.0,11.0,2.0,36.0,16.0
2019-02-19 01:00:00,66.0,10.0,4.0,1.0,198.0,26.0,3.0,45.0,16.0,5.0,1.0,20.0,3.0,51.0,1.0,18.0,3.0,1.0,119.0,147.0,24.0,1.0,36.0,18.0
2019-02-19 02:00:00,43.0,3.0,1.0,37.0,19.0,18.0,1.0,2.0,8.0,1.0,3.0,14.0,2.0,32.0,1.0,1.0,1.0,1.0,9.0,40.0,5.0,1.0,28.0,9.0
2019-02-19 03:00:00,12.0,2.0,3.0,29.0,51.0,7.0,4.0,2.0,25.0,5.0,1.0,7.0,1.0,21.0,1.0,1.0,1.0,1.0,3.0,15.0,1.0,1.0,2.0,6.0
2019-02-19 04:00:00,14.0,1.0,1.0,3.0,62.0,4.0,2.0,1.0,2.0,2.0,1.0,5.0,1.0,4.0,1.0,1.0,2.0,1.0,1.0,22.0,1.0,1.0,1.0,5.0
2019-02-19 05:00:00,12.0,2.0,1.0,3.0,48.0,6.0,3.0,1.0,4.0,6.0,1.0,13.0,2.0,6.0,1.0,1.0,7.0,12.0,2.0,19.0,1.0,1.0,1.0,5.0
2019-02-19 06:00:00,18.0,2.0,1.0,1.0,37.0,10.0,2.0,5.0,2.0,7.0,1.0,4.0,2.0,5.0,1.0,1.0,4.0,27.0,27.0,39.0,2.0,1.0,1.0,20.0
2019-02-19 07:00:00,76.0,17.0,81.0,29.0,75.0,20.0,1.0,30.0,27.0,34.0,3.0,5.0,10.0,13.0,1.0,1.0,5.0,32.0,82.0,63.0,4.0,13.0,3.0,19.0
2019-02-19 08:00:00,151.0,69.0,24.0,94.0,163.0,61.0,1.0,80.0,30.0,109.0,25.0,61.0,38.0,54.0,14.0,11.0,21.0,53.0,137.0,85.0,18.0,28.0,28.0,58.0
2019-02-19 09:00:00,211.0,127.0,51.0,99.0,262.0,97.0,13.0,73.0,89.0,145.0,86.0,83.0,59.0,111.0,48.0,63.0,40.0,72.0,128.0,148.0,100.0,32.0,62.0,131.0
2019-02-19 10:00:00,177.0,125.0,135.0,80.0,175.0,130.0,42.0,56.0,142.0,92.0,44.0,43.0,58.0,88.0,56.0,62.0,44.0,84.0,80.0,149.0,52.0,8.0,33.0,83.0
2019-02-19 11:00:00,120.0,48.0,14.0,23.0,52.0,53.0,61.0,33.0,73.0,50.0,18.0,16.0,32.0,40.0,14.0,12.0,11.0,58.0,38.0,93.0,12.0,7.0,20.0,30.0
2019-02-19 12:00:00,29.0,24.0,10.0,9.0,11.0,13.0,17.0,14.0,22.0,14.0,15.0,8.0,14.0,7.0,10.0,7.0,7.0,13.0,22.0,42.0,6.0,8.0,15.0,7.0
2019-02-19 13:00:00,34.0,17.0,20.0,8.0,8.0,10.0,11.0,4.0,20.0,17.0,22.0,8.0,16.0,6.0,16.0,4.0,14.0,5.0,9.0,37.0,7.0,3.0,6.0,7.0
2019-02-19 14:00:00,21.0,21.0,17.0,7.0,7.0,11.0,10.0,6.0,20.0,13.0,21.0,14.0,13.0,9.0,13.0,4.0,16.0,1.0,4.0,39.0,8.0,5.0,5.0,10.0
2019-02-19 15:00:00,15.0,21.0,20.0,12.0,6.0,10.0,8.0,6.0,13.0,11.0,17.0,15.0,10.0,6.0,19.0,5.0,19.0,2.0,5.0,29.0,9.0,10.0,7.0,12.0
2019-02-19 16:00:00,13.0,21.0,16.0,11.0,7.0,8.0,6.0,6.0,9.0,13.0,14.0,10.0,9.0,4.0,12.0,2.0,13.0,1.0,4.0,30.0,13.0,6.0,7.0,14.0
2019-02-19 17:00:00,8.0,18.0,12.0,10.0,6.0,8.0,4.0,5.0,8.0,9.0,14.0,5.0,9.0,4.0,15.0,2.0,27.0,1.0,4.0,25.0,10.0,3.0,6.0,11.0
2019-02-19 18:00:00,8.0,25.0,24.0,10.0,9.0,7.0,3.0,5.0,6.0,13.0,14.0,6.0,7.0,3.0,12.0,1.0,17.0,1.0,3.0,33.0,5.0,3.0,4.0,9.0
2019-02-19 19:00:00,11.0,27.0,15.0,17.0,14.0,5.0,1.0,4.0,3.0,15.0,15.0,10.0,8.0,1.0,17.0,1.0,38.0,1.0,8.0,41.0,9.0,10.0,2.0,6.0
2019-02-19 20:00:00,31.0,30.0,7.0,33.0,83.0,18.0,1.0,29.0,4.0,40.0,14.0,14.0,15.0,2.0,17.0,1.0,43.0,1.0,42.0,140.0,16.0,7.0,17.0,6.0
2019-02-19 21:00:00,11.0,49.0,10.0,23.0,92.0,11.0,1.0,54.0,9.0,38.0,25.0,35.0,45.0,12.0,23.0,1.0,50.0,30.0,72.0,93.0,23.0,11.0,24.0,21.0
2019-02-19 22:00:00,42.0,39.0,17.0,21.0,60.0,15.0,1.0,51.0,8.0,24.0,21.0,39.0,29.0,2.0,13.0,1.0,42.0,44.0,43.0,42.0,17.0,5.0,13.0,35.0
2019-02-19 23:00:00,155.0,18.0,8.0,5.0,51.0,46.0,1.0,84.0,5.0,8.0,19.0,11.0,12.0,1.0,4.0,1.0,30.0,20.0,170.0,88.0,5.0,2.0,6.0,6.0
2019-02-20 00:00:00,149.0,18.0,3.0,3.0,63.0,71.0,1.0,22.0,3.0,6.0,15.0,1.0,9.0,11.0,4.0,1.0,19.0,38.0,115.0,74.0,2.0,3.0,32.0,4.0
2019-02-20 01:00:00,82.0,18.0,2.0,91.0,84.0,30.0,1.0,12.0,7.0,17.0,8.0,18.0,9.0,78.0,7.0,1.0,8.0,75.0,43.0,86.0,7.0,1.0,39.0,5.0
2019-02-20 02:00:00,37.0,53.0,30.0,54.0,81.0,12.0,1.0,9.0,57.0,64.0,14.0,16.0,57.0,34.0,22.0,4.0,34.0,68.0,21.0,30.0,2.0,1.0,12.0,5.0
2019-02-20 03:00:00,25.0,76.0,22.0,22.0,36.0,6.0,2.0,4.0,84.0,38.0,41.0,24.0,36.0,28.0,38.0,42.0,26.0,35.0,14.0,32.0,1.0,1.0,5.0,4.0
2019-02-20 04:00:00,22.0,40.0,32.0,34.0,13.0,8.0,2.0,1.0,54.0,41.0,23.0,14.0,7.0,42.0,20.0,53.0,28.0,35.0,7.0,66.0,1.0,1.0,1.0,4.0
2019-02-20 05:00:00,17.0,30.0,18.0,13.0,16.0,10.0,1.0,2.0,21.0,21.0,7.0,13.0,3.0,49.0,7.0,39.0,26.0,33.0,5.0,39.0,1.0,2.0,1.0,3.0
2019-02-20 06:00:00,21.0,7.0,14.0,4.0,27.0,9.0,3.0,7.0,6.0,32.0,3.0,22.0,7.0,43.0,2.0,7.0,11.0,36.0,5.0,24.0,1.0,1.0,1.0,4.0
2019-02-20 07:00:00,69.0,43.0,16.0,9.0,71.0,27.0,1.0,26.0,14.0,54.0,4.0,38.0,22.0,24.0,11.0,1.0,25.0,90.0,25.0,48.0,11.0,15.0,4.0,13.0
2019-02-20 08:00:00,96.0,80.0,50.0,50.0,155.0,64.0,4.0,53.0,81.0,95.0,78.0,85.0,64.0,78.0,29.0,15.0,95.0,125.0,73.0,104.0,51.0,34.0,23.0,75.0
2019-02-20 09:00:00,161.0,119.0,86.0,93.0,180.0,107.0,19.0,55.0,159.0,132.0,104.0,162.0,96.0,152.0,84.0,64.0,95.0,119.0,86.0,178.0,84.0,21.0,45.0,127.0
2019-02-20 10:00:00,173.0,102.0,65.0,79.0,202.0,124.0,55.0,53.0,160.0,128.0,78.0,89.0,87.0,162.0,55.0,61.0,70.0,116.0,94.0,127.0,57.0,16.0,45.0,62.0
2019-02-20 11:00:00,148.0,62.0,33.0,70.0,87.0,106.0,94.0,60.0,107.0,44.0,66.0,95.0,28.0,82.0,29.0,22.0,32.0,96.0,50.0,142.0,29.0,14.0,32.0,31.0
2019-02-20 12:00:00,53.0,31.0,37.0,32.0,16.0,35.0,44.0,26.0,36.0,18.0,33.0,29.0,19.0,14.0,29.0,9.0,21.0,19.0,34.0,47.0,12.0,22.0,26.0,14.0
2019-02-20 13:00:00,32.0,27.0,25.0,11.0,16.0,22.0,19.0,9.0,27.0,15.0,37.0,24.0,17.0,14.0,28.0,11.0,25.0,4.0,18.0,47.0,18.0,18.0,11.0,15.0
2019-02-20 14:00:00,23.0,22.0,19.0,11.0,11.0,15.0,15.0,10.0,23.0,15.0,24.0,19.0,13.0,16.0,22.0,9.0,22.0,4.0,14.0,37.0,16.0,23.0,14.0,20.0
2019-02-20 15:00:00,14.0,26.0,21.0,11.0,8.0,10.0,8.0,10.0,11.0,13.0,14.0,13.0,9.0,6.0,16.0,4.0,20.0,1.0,8.0,28.0,14.0,9.0,9.0,16.0
2019-02-20 16:00:00,9.0,24.0,21.0,9.0,6.0,8.0,3.0,6.0,6.0,12.0,11.0,7.0,10.0,4.0,10.0,2.0,23.0,1.0,4.0,26.0,10.0,5.0,6.0,9.0
2019-02-20 17:00:00,6.0,20.0,20.0,7.0,7.0,4.0,1.0,5.0,3.0,7.0,11.0,4.0,11.0,2.0,9.0,1.0,23.0,1.0,3.0,20.0,7.0,3.0,4.0,6.0
2019-02-20 18:00:00,5.0,23.0,16.0,6.0,7.0,4.0,1.0,4.0,2.0,12.0,11.0,5.0,12.0,1.0,9.0,1.0,23.0,1.0,3.0,28.0,7.0,3.0,3.0,7.0
2019-02-20 19:00:00,4.0,28.0,11.0,10.0,18.0,6.0,1.0,8.0,1.0,12.0,16.0,4.0,11.0,1.0,9.0,1.0,45.0,1.0,7.0,49.0,13.0,3.0,2.0,6.0
2019-02-20 20:00:00,43.0,29.0,11.0,15.0,120.0,16.0,2.0,73.0,2.0,25.0,13.0,3.0,21.0,3.0,20.0,1.0,56.0,45.0,23.0,146.0,38.0,6.0,4.0,9.0
2019-02-20 21:00:00,116.0,57.0,36.0,44.0,205.0,116.0,2.0,140.0,14.0,89.0,32.0,68.0,68.0,35.0,39.0,1.0,78.0,156.0,121.0,306.0,105.0,6.0,53.0,27.0
2019-02-20 22:00:00,173.0,126.0,17.0,86.0,239.0,78.0,8.0,122.0,61.0,127.0,84.0,135.0,78.0,133.0,34.0,4.0,93.0,173.0,260.0,107.0,117.0,4.0,131.0,86.0
2019-02-20 23:00:00,99.0,143.0,66.0,124.0,204.0,31.0,3.0,69.0,94.0,142.0,69.0,168.0,156.0,114.0,46.0,38.0,83.0,239.0,136.0,27.0,60.0,4.0,115.0,41.0
2019-02-21 00:00:00,60.0,111.0,23.0,147.0,209.0,30.0,20.0,31.0,100.0,138.0,49.0,187.0,128.0,58.0,10.0,25.0,59.0,168.0,44.0,30.0,85.0,3.0,83.0,28.0
2019-02-21 01:00:00,44.0,94.0,82.0,67.0,189.0,26.0,21.0,5.0,62.0,85.0,34.0,181.0,92.0,38.0,28.0,32.0,64.0,64.0,16.0,41.0,44.0,1.0,19.0,37.0
2019-02-21 02:00:00,30.0,19.0,2.0,1.0,109.0,42.0,40.0,2.0,82.0,7.0,7.0,26.0,6.0,29.0,6.0,44.0,3.0,15.0,2.0,42.0,1.0,1.0,2.0,32.0
2019-02-21 03:00:00,31.0,4.0,1.0,1.0,77.0,22.0,17.0,2.0,29.0,1.0,4.0,1.0,1.0,21.0,2.0,1.0,2.0,3.0,1.0,38.0,1.0,1.0,1.0,8.0
2019-02-21 04:00:00,34.0,4.0,1.0,1.0,76.0,14.0,22.0,2.0,25.0,1.0,3.0,1.0,1.0,12.0,1.0,1.0,1.0,4.0,7.0,35.0,1.0,1.0,1.0,3.0
2019-02-21 05:00:00,24.0,2.0,1.0,2.0,84.0,15.0,9.0,3.0,12.0,5.0,1.0,1.0,2.0,6.0,1.0,1.0,1.0,4.0,16.0,51.0,1.0,1.0,1.0,3.0
2019-02-21 06:00:00,43.0,3.0,1.0,1.0,127.0,19.0,7.0,12.0,12.0,12.0,1.0,2.0,2.0,6.0,2.0,1.0,2.0,30.0,31.0,38.0,1.0,1.0,1.0,4.0
2019-02-21 07:00:00,55.0,15.0,4.0,5.0,143.0,34.0,7.0,26.0,67.0,32.0,4.0,10.0,12.0,32.0,2.0,1.0,18.0,23.0,18.0,57.0,3.0,10.0,1.0,8.0
2019-02-21 08:00:00,154.0,71.0,29.0,24.0,181.0,69.0,6.0,41.0,81.0,36.0,19.0,32.0,35.0,83.0,24.0,13.0,26.0,59.0,62.0,100.0,26.0,38.0,11.0,36.0
2019-02-21 09:00:00,229.0,104.0,35.0,34.0,209.0,130.0,16.0,45.0,95.0,72.0,82.0,81.0,32.0,161.0,40.0,64.0,45.0,78.0,71.0,170.0,45.0,23.0,14.0,90.0
2019-02-21 10:00:00,380.0,94.0,22.0,42.0,162.0,126.0,28.0,48.0,72.0,74.0,48.0,44.0,35.0,168.0,25.0,61.0,20.0,83.0,65.0,158.0,39.0,25.0,25.0,77.0
2019-02-21 11:00:00,115.0,63.0,17.0,23.0,151.0,94.0,49.0,33.0,55.0,31.0,41.0,24.0,31.0,38.0,15.0,22.0,13.0,50.0,44.0,135.0,21.0,11.0,15.0,31.0
2019-02-21 12:00:00,43.0,32.0,17.0,19.0,43.0,42.0,25.0,36.0,43.0,28.0,40.0,14.0,33.0,24.0,10.0,9.0,12.0,32.0,32.0,57.0,12.0,9.0,17.0,16.0
2019-02-21 13:00:00,26.0,23.0,30.0,9.0,12.0,17.0,17.0,13.0,24.0,20.0,22.0,9.0,19.0,19.0,15.0,8.0,19.0,11.0,14.0,49.0,7.0,5.0,9.0,11.0
2019-02-21 14:00:00,22.0,21.0,28.0,10.0,12.0,16.0,8.0,8.0,22.0,15.0,17.0,8.0,9.0,12.0,17.0,6.0,13.0,2.0,8.0,44.0,6.0,6.0,4.0,8.0
2019-02-21 15:00:00,17.0,19.0,24.0,11.0,7.0,9.0,7.0,7.0,16.0,13.0,10.0,8.0,9.0,6.0,12.0,6.0,13.0,1.0,6.0,36.0,7.0,7.0,6.0,10.0
2019-02-21 16:00:00,16.0,12.0,17.0,7.0,5.0,5.0,3.0,5.0,5.0,14.0,9.0,7.0,5.0,2.0,7.0,1.0,6.0,1.0,2.0,27.0,6.0,4.0,4.0,8.0
2019-02-21 17:00:00,7.0,24.0,15.0,8.0,5.0,4.0,2.0,3.0,4.0,17.0,8.0,5.0,5.0,3.0,9.0,1.0,8.0,1.0,1.0,29.0,4.0,4.0,3.0,8.0
2019-02-21 18:00:00,9.0,20.0,29.0,7.0,4.0,4.0,1.0,3.0,5.0,13.0,8.0,4.0,5.0,2.0,13.0,1.0,7.0,1.0,2.0,56.0,4.0,2.0,2.0,6.0
2019-02-21 19:00:00,9.0,38.0,19.0,7.0,34.0,4.0,1.0,12.0,2.0,17.0,15.0,2.0,24.0,2.0,13.0,1.0,7.0,1.0,5.0,103.0,13.0,9.0,3.0,6.0
2019-02-21 20:00:00,88.0,70.0,90.0,33.0,168.0,70.0,1.0,72.0,9.0,27.0,84.0,80.0,43.0,146.0,4.0,1.0,32.0,202.0,134.0,471.0,82.0,9.0,58.0,17.0
2019-02-21 21:00:00,234.0,200.0,294.0,118.0,214.0,200.0,1.0,82.0,73.0,146.0,203.0,236.0,98.0,231.0,88.0,1.0,129.0,363.0,128.0,267.0,126.0,5.0,46.0,45.0
2019-02-21 22:00:00,143.0,199.0,164.0,136.0,327.0,86.0,11.0,112.0,165.0,41.0,175.0,280.0,74.0,148.0,108.0,72.0,93.0,208.0,85.0,74.0,163.0,5.0,49.0,33.0
2019-02-21 23:00:00,106.0,85.0,38.0,53.0,303.0,94.0,17.0,34.0,115.0,62.0,71.0,121.0,66.0,128.0,26.0,82.0,83.0,121.0,31.0,94.0,37.0,2.0,20.0,65.0
2019-02-22 00:00:00,125.0,23.0,1.0,1.0,272.0,54.0,8.0,13.0,35.0,42.0,30.0,37.0,14.0,93.0,1.0,19.0,74.0,54.0,10.0,90.0,1.0,1.0,1.0,10.0
2019-02-22 01:00:00,73.0,7.0,1.0,3.0,225.0,47.0,7.0,3.0,53.0,5.0,7.0,1.0,4.0,72.0,1.0,3.0,3.0,3.0,2.0,61.0,1.0,1.0,1.0,6.0
2019-02-22 02:00:00,45.0,4.0,2.0,1.0,149.0,28.0,15.0,2.0,94.0,3.0,16.0,1.0,2.0,37.0,1.0,1.0,3.0,1.0,1.0,34.0,1.0,1.0,1.0,3.0
2019-02-22 03:00:00,21.0,2.0,1.0,1.0,88.0,15.0,10.0,1.0,66.0,2.0,3.0,2.0,1.0,13.0,9.0,1.0,5.0,1.0,1.0,28.0,1.0,1.0,1.0,3.0
2019-02-22 04:00:00,15.0,2.0,1.0,1.0,69.0,12.0,1.0,1.0,32.0,2.0,3.0,1.0,1.0,9.0,2.0,1.0,1.0,6.0,3.0,22.0,1.0,1.0,1.0,3.0
2019-02-22 05:00:00,20.0,1.0,1.0,1.0,68.0,9.0,1.0,2.0,11.0,2.0,8.0,1.0,1.0,4.0,1.0,1.0,1.0,7.0,4.0,20.0,1.0,1.0,1.0,3.0
2019-02-22 06:00:00,19.0,2.0,1.0,2.0,61.0,13.0,1.0,4.0,15.0,3.0,5.0,3.0,1.0,9.0,1.0,1.0,1.0,21.0,13.0,24.0,1.0,1.0,1.0,3.0
2019-02-22 07:00:00,53.0,15.0,6.0,2.0,36.0,26.0,1.0,16.0,34.0,10.0,10.0,2.0,2.0,17.0,2.0,1.0,9.0,1.0,9.0,66.0,2.0,6.0,1.0,9.0
2019-02-22 08:00:00,159.0,74.0,16.0,25.0,144.0,55.0,2.0,65.0,104.0,29.0,68.0,30.0,9.0,65.0,16.0,4.0,40.0,31.0,80.0,130.0,19.0,30.0,7.0,62.0
2019-02-22 09:00:00,258.0,130.0,25.0,35.0,277.0,130.0,10.0,74.0,139.0,75.0,95.0,68.0,68.0,163.0,33.0,40.0,59.0,76.0,113.0,196.0,39.0,18.0,23.0,54.0
2019-02-22 10:00:00,183.0,110.0,25.0,32.0,231.0,129.0,47.0,42.0,168.0,52.0,74.0,40.0,54.0,182.0,30.0,47.0,24.0,81.0,56.0,182.0,33.0,26.0,18.0,64.0
2019-02-22 11:00:00,241.0,62.0,18.0,16.0,169.0,99.0,61.0,25.0,56.0,22.0,44.0,29.0,23.0,93.0,22.0,19.0,20.0,39.0,34.0,125.0,21.0,14.0,10.0,31.0
2019-02-22 12:00:00,143.0,40.0,28.0,10.0,53.0,66.0,42.0,37.0,44.0,17.0,27.0,20.0,17.0,20.0,17.0,9.0,9.0,17.0,24.0,71.0,13.0,6.0,11.0,18.0
2019-02-22 13:00:00,62.0,31.0,38.0,5.0,18.0,32.0,14.0,28.0,38.0,15.0,22.0,14.0,13.0,22.0,18.0,12.0,20.0,5.0,15.0,63.0,11.0,4.0,6.0,14.0
2019-02-22 14:00:00,27.0,28.0,33.0,6.0,13.0,16.0,9.0,8.0,25.0,13.0,24.0,12.0,11.0,14.0,18.0,7.0,22.0,2.0,5.0,41.0,7.0,4.0,4.0,13.0
2019-02-22 15:00:00,12.0,28.0,28.0,15.0,15.0,11.0,8.0,7.0,11.0,19.0,15.0,11.0,16.0,8.0,23.0,5.0,42.0,1.0,6.0,34.0,16.0,5.0,7.0,13.0
2019-02-22 16:00:00,13.0,27.0,23.0,16.0,11.0,9.0,5.0,9.0,9.0,18.0,13.0,9.0,16.0,5.0,15.0,3.0,30.0,2.0,9.0,33.0,12.0,4.0,9.0,10.0
2019-02-22 17:00:00,11.0,29.0,16.0,12.0,11.0,8.0,2.0,8.0,6.0,16.0,14.0,10.0,13.0,4.0,14.0,3.0,38.0,1.0,7.0,28.0,10.0,3.0,7.0,11.0
2019-02-22 18:00:00,9.0,38.0,28.0,13.0,15.0,5.0,1.0,6.0,3.0,32.0,14.0,10.0,16.0,2.0,13.0,1.0,50.0,1.0,5.0,34.0,10.0,3.0,4.0,13.0
2019-02-22 19:00:00,16.0,35.0,24.0,27.0,85.0,8.0,1.0,19.0,2.0,21.0,19.0,12.0,20.0,1.0,15.0,1.0,56.0,5.0,10.0,128.0,17.0,10.0,3.0,10.0
2019-02-22 20:00:00,106.0,61.0,137.0,42.0,261.0,55.0,2.0,94.0,9.0,91.0,73.0,76.0,46.0,67.0,54.0,1.0,56.0,232.0,86.0,308.0,88.0,9.0,15.0,27.0
2019-02-22 21:00:00,304.0,172.0,225.0,255.0,296.0,265.0,18.0,171.0,28.0,174.0,113.0,273.0,46.0,216.0,220.0,1.0,156.0,463.0,226.0,477.0,291.0,6.0,136.0,49.0
2019-02-22 22:00:00,226.0,269.0,415.0,433.0,391.0,186.0,14.0,163.0,131.0,178.0,277.0,364.0,167.0,217.0,229.0,39.0,152.0,444.0,297.0,156.0,344.0,4.0,172.0,85.0
2019-02-22 23:00:00,141.0,292.0,209.0,255.0,354.0,118.0,31.0,78.0,175.0,255.0,192.0,347.0,267.0,129.0,222.0,138.0,154.0,380.0,87.0,115.0,189.0,3.0,113.0,123.0
2019-02-23 00:00:00,121.0,386.0,220.0,168.0,366.0,75.0,11.0,26.0,141.0,245.0,216.0,311.0,225.0,94.0,121.0,145.0,120.0,231.0,37.0,79.0,243.0,2.0,68.0,90.0
2019-02-23 01:00:00,87.0,208.0,131.0,21.0,329.0,29.0,58.0,13.0,135.0,36.0,143.0,201.0,102.0,76.0,124.0,257.0,85.0,117.0,40.0,51.0,66.0,1.0,4.0,154.0
2019-02-23 02:00:00,79.0,39.0,9.0,3.0,280.0,43.0,32.0,2.0,81.0,8.0,135.0,90.0,42.0,66.0,37.0,89.0,12.0,49.0,5.0,74.0,5.0,1.0,1.0,51.0
2019-02-23 03:00:00,83.0,27.0,1.0,1.0,231.0,53.0,21.0,1.0,70.0,10.0,140.0,56.0,7.0,64.0,6.0,4.0,5.0,40.0,9.0,60.0,1.0,1.0,1.0,6.0
2019-02-23 04:00:00,60.0,8.0,2.0,1.0,180.0,17.0,48.0,1.0,60.0,6.0,122.0,24.0,4.0,44.0,1.0,1.0,1.0,14.0,22.0,33.0,1.0,1.0,1.0,3.0
2019-02-23 05:00:00,39.0,10.0,1.0,1.0,138.0,12.0,46.0,3.0,58.0,3.0,15.0,3.0,3.0,33.0,3.0,1.0,1.0,37.0,43.0,42.0,1.0,1.0,1.0,3.0
2019-02-23 06:00:00,41.0,8.0,1.0,1.0,154.0,34.0,12.0,3.0,57.0,4.0,44.0,14.0,2.0,25.0,1.0,1.0,1.0,43.0,29.0,53.0,2.0,1.0,1.0,3.0
2019-02-23 07:00:00,43.0,10.0,1.0,2.0,178.0,23.0,17.0,4.0,52.0,8.0,11.0,18.0,6.0,29.0,1.0,1.0,1.0,4.0,66.0,54.0,1.0,2.0,1.0,3.0
2019-02-23 08:00:00,61.0,16.0,2.0,4.0,225.0,30.0,15.0,22.0,31.0,27.0,46.0,44.0,20.0,37.0,1.0,1.0,4.0,1.0,95.0,74.0,2.0,3.0,1.0,15.0
2019-02-23 09:00:00,90.0,24.0,5.0,14.0,261.0,38.0,9.0,61.0,70.0,64.0,89.0,41.0,13.0,56.0,6.0,5.0,21.0,11.0,164.0,68.0,9.0,8.0,13.0,18.0
2019-02-23 10:00:00,88.0,25.0,11.0,15.0,126.0,43.0,24.0,33.0,103.0,38.0,44.0,49.0,20.0,71.0,9.0,12.0,9.0,25.0,39.0,81.0,12.0,13.0,10.0,24.0
2019-02-23 11:00:00,106.0,78.0,24.0,7.0,75.0,60.0,47.0,22.0,58.0,17.0,70.0,91.0,56.0,59.0,11.0,63.0,20.0,20.0,18.0,99.0,14.0,8.0,6.0,16.0
2019-02-23 12:00:00,69.0,45.0,16.0,10.0,57.0,38.0,27.0,16.0,69.0,19.0,33.0,20.0,24.0,62.0,12.0,63.0,13.0,29.0,19.0,78.0,17.0,7.0,7.0,19.0
2019-02-23 13:00:00,68.0,51.0,14.0,9.0,43.0,41.0,37.0,17.0,69.0,17.0,49.0,12.0,40.0,41.0,13.0,38.0,9.0,22.0,42.0,66.0,10.0,5.0,9.0,14.0
2019-02-23 14:00:00,37.0,41.0,36.0,10.0,21.0,26.0,24.0,19.0,38.0,21.0,47.0,15.0,35.0,29.0,31.0,26.0,22.0,13.0,16.0,54.0,8.0,5.0,12.0,13.0
2019-02-23 15:00:00,27.0,33.0,33.0,25.0,15.0,23.0,18.0,9.0,21.0,26.0,21.0,12.0,15.0,16.0,22.0,12.0,25.0,5.0,8.0,54.0,14.0,7.0,12.0,13.0
2019-02-23 16:00:00,23.0,21.0,15.0,20.0,14.0,12.0,9.0,16.0,16.0,16.0,14.0,10.0,16.0,11.0,14.0,9.0,22.0,2.0,16.0,42.0,11.0,6.0,19.0,10.0
2019-02-23 17:00:00,8.0,16.0,12.0,12.0,10.0,4.0,2.0,13.0,8.0,10.0,9.0,7.0,9.0,6.0,10.0,3.0,14.0,1.0,13.0,20.0,8.0,3.0,12.0,8.0
2019-02-23 18:00:00,28.0,14.0,5.0,8.0,30.0,5.0,1.0,10.0,2.0,6.0,7.0,4.0,10.0,1.0,5.0,1.0,23.0,1.0,9.0,59.0,7.0,9.0,7.0,6.0
2019-02-23 19:00:00,171.0,28.0,12.0,13.0,55.0,15.0,1.0,35.0,5.0,12.0,31.0,11.0,7.0,26.0,8.0,1.0,42.0,12.0,7.0,168.0,27.0,21.0,13.0,10.0
2019-02-23 20:00:00,181.0,63.0,48.0,104.0,88.0,30.0,1.0,65.0,36.0,17.0,46.0,74.0,23.0,26.0,28.0,1.0,58.0,28.0,74.0,163.0,82.0,8.0,120.0,38.0
2019-02-23 21:00:00,143.0,83.0,46.0,77.0,92.0,61.0,1.0,76.0,29.0,81.0,57.0,44.0,39.0,18.0,36.0,12.0,67.0,136.0,111.0,168.0,68.0,5.0,87.0,43.0
2019-02-23 22:00:00,224.0,135.0,99.0,89.0,135.0,35.0,1.0,29.0,96.0,130.0,98.0,147.0,83.0,80.0,46.0,27.0,62.0,104.0,35.0,95.0,138.0,6.0,38.0,38.0
2019-02-23 23:00:00,158.0,110.0,100.0,38.0,151.0,42.0,1.0,18.0,133.0,16.0,188.0,181.0,40.0,124.0,51.0,66.0,54.0,27.0,26.0,78.0,105.0,2.0,4.0,33.0
2019-02-24 00:00:00,131.0,17.0,7.0,5.0,165.0,53.0,3.0,31.0,81.0,10.0,120.0,127.0,4.0,99.0,5.0,23.0,20.0,10.0,63.0,78.0,22.0,3.0,1.0,45.0
2019-02-24 01:00:00,84.0,8.0,1.0,2.0,153.0,34.0,11.0,18.0,54.0,7.0,11.0,20.0,4.0,60.0,1.0,1.0,1.0,2.0,41.0,67.0,2.0,2.0,1.0,6.0
2019-02-24 02:00:00,86.0,22.0,1.0,1.0,150.0,36.0,5.0,20.0,44.0,3.0,8.0,3.0,2.0,44.0,1.0,2.0,1.0,1.0,129.0,63.0,1.0,2.0,1.0,4.0
2019-02-24 03:00:00,74.0,7.0,2.0,1.0,152.0,26.0,6.0,7.0,91.0,8.0,36.0,3.0,7.0,38.0,1.0,1.0,1.0,1.0,81.0,47.0,1.0,1.0,1.0,3.0
2019-02-24 04:00:00,52.0,15.0,3.0,1.0,103.0,16.0,2.0,7.0,32.0,4.0,21.0,9.0,11.0,19.0,1.0,9.0,1.0,1.0,49.0,31.0,1.0,1.0,1.0,3.0
2019-02-24 05:00:00,36.0,4.0,2.0,1.0,91.0,9.0,1.0,5.0,36.0,4.0,17.0,7.0,3.0,12.0,1.0,13.0,1.0,1.0,12.0,22.0,1.0,1.0,1.0,3.0
2019-02-24 06:00:00,25.0,1.0,1.0,1.0,68.0,8.0,1.0,4.0,57.0,3.0,5.0,21.0,1.0,9.0,1.0,1.0,1.0,1.0,3.0,28.0,1.0,1.0,1.0,4.0
2019-02-24 07:00:00,33.0,2.0,1.0,1.0,60.0,9.0,1.0,11.0,48.0,1.0,3.0,1.0,1.0,7.0,1.0,1.0,1.0,1.0,4.0,35.0,1.0,2.0,1.0,4.0
2019-02-24 08:00:00,37.0,2.0,1.0,1.0,78.0,17.0,1.0,10.0,56.0,3.0,9.0,3.0,3.0,13.0,1.0,1.0,2.0,1.0,6.0,45.0,1.0,3.0,2.0,7.0
2019-02-24 09:00:00,79.0,3.0,1.0,2.0,82.0,25.0,2.0,12.0,24.0,2.0,8.0,4.0,2.0,20.0,1.0,1.0,2.0,1.0,6.0,63.0,2.0,4.0,3.0,4.0
2019-02-24 10:00:00,89.0,5.0,2.0,2.0,35.0,29.0,6.0,13.0,15.0,5.0,9.0,3.0,4.0,27.0,2.0,1.0,3.0,4.0,11.0,59.0,5.0,4.0,3.0,6.0
2019-02-24 11:00:00,38.0,6.0,3.0,2.0,11.0,14.0,6.0,19.0,7.0,6.0,12.0,4.0,5.0,4.0,2.0,2.0,4.0,1.0,10.0,43.0,6.0,3.0,4.0,8.0
2019-02-24 12:00:00,14.0,6.0,8.0,2.0,6.0,8.0,4.0,8.0,7.0,5.0,11.0,5.0,6.0,5.0,3.0,2.0,3.0,1.0,3.0,26.0,4.0,1.0,4.0,6.0
2019-02-24 13:00:00,10.0,10.0,9.0,4.0,7.0,8.0,2.0,8.0,6.0,5.0,12.0,6.0,8.0,5.0,6.0,2.0,11.0,1.0,3.0,26.0,5.0,2.0,4.0,7.0
2019-02-24 14:00:00,5.0,9.0,11.0,5.0,5.0,5.0,3.0,4.0,3.0,6.0,9.0,4.0,7.0,4.0,6.0,1.0,14.0,1.0,2.0,22.0,7.0,1.0,4.0,7.0
2019-02-24 15:00:00,7.0,5.0,11.0,4.0,4.0,4.0,2.0,3.0,4.0,5.0,4.0,4.0,4.0,2.0,3.0,1.0,6.0,1.0,2.0,23.0,6.0,2.0,4.0,6.0
2019-02-24 16:00:00,6.0,6.0,5.0,2.0,3.0,3.0,2.0,2.0,3.0,3.0,4.0,3.0,2.0,2.0,3.0,1.0,3.0,1.0,1.0,22.0,4.0,2.0,2.0,6.0
2019-02-24 17:00:00,7.0,5.0,3.0,2.0,2.0,2.0,1.0,1.0,2.0,3.0,6.0,3.0,2.0,1.0,1.0,1.0,2.0,1.0,1.0,19.0,2.0,3.0,2.0,5.0
2019-02-24 18:00:00,5.0,5.0,5.0,1.0,3.0,2.0,1.0,2.0,1.0,3.0,4.0,1.0,2.0,1.0,2.0,1.0,1.0,1.0,1.0,23.0,2.0,3.0,1.0,4.0
2019-02-24 19:00:00,38.0,7.0,2.0,8.0,25.0,5.0,1.0,8.0,4.0,4.0,7.0,2.0,6.0,1.0,2.0,1.0,1.0,6.0,1.0,100.0,2.0,8.0,1.0,4.0
2019-02-24 20:00:00,133.0,28.0,65.0,2.0,125.0,64.0,1.0,45.0,3.0,32.0,77.0,54.0,5.0,68.0,16.0,1.0,22.0,77.0,38.0,217.0,73.0,5.0,7.0,10.0
2019-02-24 21:00:00,208.0,68.0,168.0,51.0,173.0,108.0,1.0,95.0,21.0,57.0,111.0,203.0,10.0,97.0,32.0,6.0,43.0,163.0,122.0,361.0,165.0,5.0,33.0,23.0
2019-02-24 22:00:00,165.0,44.0,143.0,56.0,234.0,94.0,1.0,94.0,21.0,54.0,82.0,216.0,5.0,121.0,46.0,19.0,47.0,193.0,151.0,92.0,191.0,3.0,34.0,60.0
2019-02-24 23:00:00,125.0,40.0,79.0,80.0,274.0,53.0,1.0,67.0,50.0,24.0,8.0,165.0,13.0,138.0,3.0,6.0,33.0,73.0,139.0,48.0,107.0,2.0,64.0,115.0
2019-02-25 00:00:00,77.0,22.0,63.0,84.0,251.0,17.0,1.0,52.0,54.0,37.0,53.0,171.0,5.0,100.0,10.0,4.0,34.0,20.0,123.0,28.0,73.0,2.0,28.0,67.0
2019-02-25 01:00:00,46.0,16.0,32.0,61.0,171.0,17.0,2.0,9.0,38.0,22.0,38.0,76.0,4.0,52.0,5.0,2.0,13.0,12.0,29.0,28.0,69.0,1.0,76.0,38.0
2019-02-25 02:00:00,26.0,17.0,11.0,16.0,43.0,9.0,5.0,1.0,50.0,32.0,56.0,79.0,6.0,19.0,8.0,1.0,34.0,29.0,1.0,16.0,33.0,1.0,9.0,30.0
2019-02-25 03:00:00,18.0,10.0,1.0,3.0,24.0,4.0,2.0,1.0,82.0,9.0,63.0,64.0,5.0,11.0,2.0,6.0,5.0,22.0,1.0,17.0,1.0,1.0,2.0,20.0
2019-02-25 04:00:00,22.0,1.0,1.0,1.0,38.0,4.0,2.0,2.0,44.0,3.0,5.0,25.0,1.0,10.0,1.0,1.0,1.0,1.0,3.0,14.0,1.0,1.0,1.0,11.0
2019-02-25 05:00:00,20.0,1.0,3.0,1.0,59.0,3.0,1.0,1.0,26.0,7.0,1.0,1.0,1.0,16.0,1.0,1.0,1.0,1.0,6.0,15.0,1.0,1.0,1.0,3.0
2019-02-25 06:00:00,21.0,4.0,1.0,1.0,61.0,8.0,1.0,4.0,39.0,4.0,23.0,19.0,1.0,17.0,1.0,1.0,1.0,2.0,2.0,24.0,1.0,2.0,1.0,4.0
2019-02-25 07:00:00,58.0,16.0,3.0,3.0,76.0,27.0,1.0,21.0,36.0,6.0,31.0,13.0,4.0,20.0,2.0,1.0,2.0,9.0,18.0,52.0,2.0,11.0,1.0,9.0
2019-02-25 08:00:00,138.0,83.0,20.0,22.0,141.0,59.0,1.0,45.0,88.0,56.0,60.0,27.0,27.0,80.0,23.0,1.0,19.0,108.0,47.0,100.0,29.0,27.0,2.0,70.0
2019-02-25 09:00:00,233.0,137.0,59.0,16.0,259.0,102.0,13.0,49.0,134.0,51.0,95.0,95.0,80.0,151.0,37.0,28.0,42.0,133.0,65.0,182.0,73.0,37.0,9.0,173.0
2019-02-25 10:00:00,89.0,106.0,39.0,21.0,166.0,133.0,33.0,42.0,183.0,34.0,77.0,60.0,33.0,182.0,46.0,42.0,27.0,78.0,55.0,184.0,50.0,19.0,14.0,127.0
2019-02-25 11:00:00,235.0,72.0,30.0,15.0,147.0,96.0,93.0,30.0,185.0,33.0,12.0,29.0,37.0,103.0,26.0,21.0,18.0,24.0,27.0,145.0,24.0,16.0,8.0,41.0
2019-02-25 12:00:00,111.0,52.0,65.0,15.0,72.0,53.0,71.0,21.0,120.0,26.0,84.0,31.0,46.0,56.0,67.0,25.0,57.0,20.0,22.0,97.0,13.0,13.0,6.0,18.0
2019-02-25 13:00:00,32.0,43.0,41.0,24.0,18.0,26.0,26.0,19.0,33.0,42.0,29.0,20.0,16.0,16.0,32.0,15.0,35.0,5.0,20.0,50.0,29.0,13.0,15.0,16.0
2019-02-25 14:00:00,18.0,24.0,20.0,14.0,11.0,14.0,11.0,9.0,14.0,18.0,21.0,17.0,13.0,9.0,21.0,4.0,27.0,1.0,7.0,41.0,19.0,17.0,11.0,18.0
2019-02-25 15:00:00,13.0,18.0,19.0,15.0,7.0,9.0,7.0,9.0,11.0,12.0,19.0,12.0,11.0,6.0,17.0,4.0,23.0,1.0,8.0,31.0,15.0,12.0,9.0,13.0
2019-02-25 16:00:00,9.0,22.0,23.0,10.0,6.0,6.0,3.0,8.0,6.0,9.0,10.0,8.0,8.0,3.0,12.0,2.0,20.0,1.0,6.0,37.0,10.0,7.0,8.0,11.0
2019-02-25 17:00:00,7.0,15.0,12.0,10.0,7.0,5.0,2.0,7.0,4.0,15.0,9.0,7.0,10.0,3.0,11.0,1.0,19.0,1.0,4.0,28.0,8.0,4.0,6.0,9.0
2019-02-25 18:00:00,5.0,16.0,15.0,9.0,8.0,4.0,2.0,5.0,3.0,14.0,11.0,4.0,13.0,2.0,11.0,1.0,20.0,1.0,3.0,27.0,7.0,3.0,4.0,7.0
2019-02-25 19:00:00,16.0,26.0,21.0,14.0,15.0,8.0,1.0,3.0,5.0,7.0,21.0,3.0,7.0,1.0,6.0,1.0,3.0,12.0,7.0,117.0,6.0,3.0,2.0,5.0
2019-02-25 20:00:00,174.0,84.0,76.0,76.0,151.0,78.0,1.0,113.0,9.0,39.0,51.0,50.0,15.0,71.0,17.0,1.0,25.0,202.0,77.0,379.0,119.0,6.0,47.0,19.0
2019-02-25 21:00:00,251.0,175.0,398.0,160.0,206.0,227.0,1.0,199.0,47.0,130.0,247.0,257.0,71.0,245.0,93.0,1.0,129.0,358.0,153.0,366.0,231.0,4.0,168.0,34.0
2019-02-25 22:00:00,212.0,240.0,351.0,414.0,328.0,155.0,7.0,199.0,141.0,190.0,310.0,290.0,121.0,177.0,302.0,7.0,183.0,307.0,248.0,79.0,283.0,3.0,243.0,36.0
2019-02-25 23:00:00,130.0,245.0,354.0,268.0,310.0,69.0,28.0,108.0,160.0,198.0,173.0,355.0,184.0,115.0,296.0,74.0,132.0,283.0,137.0,76.0,213.0,2.0,179.0,88.0
2019-02-26 00:00:00,81.0,255.0,232.0,185.0,267.0,55.0,9.0,32.0,89.0,167.0,197.0,239.0,196.0,66.0,200.0,189.0,135.0,130.0,52.0,43.0,125.0,2.0,37.0,107.0
2019-02-26 01:00:00,62.0,118.0,42.0,28.0,186.0,30.0,18.0,37.0,140.0,99.0,95.0,121.0,104.0,43.0,74.0,221.0,43.0,119.0,50.0,62.0,14.0,1.0,5.0,66.0
2019-02-26 02:00:00,54.0,67.0,13.0,22.0,195.0,25.0,16.0,117.0,91.0,61.0,50.0,28.0,64.0,43.0,17.0,111.0,10.0,71.0,207.0,54.0,1.0,1.0,2.0,5.0
2019-02-26 03:00:00,49.0,45.0,7.0,19.0,186.0,21.0,6.0,34.0,92.0,36.0,34.0,27.0,23.0,41.0,12.0,39.0,10.0,53.0,48.0,29.0,1.0,1.0,2.0,5.0
2019-02-26 04:00:00,27.0,11.0,6.0,5.0,107.0,7.0,13.0,3.0,60.0,35.0,13.0,13.0,4.0,28.0,4.0,16.0,9.0,30.0,1.0,16.0,2.0,1.0,1.0,4.0
2019-02-26 05:00:00,12.0,3.0,2.0,2.0,33.0,13.0,18.0,4.0,44.0,13.0,23.0,12.0,2.0,8.0,1.0,5.0,6.0,4.0,3.0,20.0,1.0,1.0,1.0,5.0
2019-02-26 06:00:00,22.0,3.0,1.0,1.0,39.0,6.0,7.0,8.0,16.0,4.0,2.0,1.0,1.0,8.0,8.0,1.0,1.0,2.0,6.0,29.0,1.0,4.0,1.0,4.0
2019-02-26 07:00:00,66.0,17.0,4.0,2.0,98.0,29.0,2.0,25.0,16.0,12.0,7.0,4.0,3.0,23.0,2.0,1.0,5.0,14.0,28.0,58.0,2.0,10.0,1.0,11.0
2019-02-26 08:00:00,149.0,70.0,18.0,23.0,196.0,46.0,12.0,41.0,87.0,39.0,51.0,38.0,28.0,67.0,20.0,7.0,19.0,59.0,117.0,140.0,10.0,33.0,12.0,59.0
2019-02-26 09:00:00,273.0,116.0,113.0,73.0,292.0,137.0,26.0,112.0,51.0,78.0,37.0,34.0,27.0,93.0,30.0,30.0,36.0,48.0,99.0,135.0,41.0,32.0,71.0,55.0
2019-02-26 10:00:00,219.0,106.0,31.0,57.0,198.0,132.0,53.0,52.0,134.0,43.0,67.0,38.0,42.0,87.0,31.0,30.0,19.0,39.0,71.0,172.0,48.0,11.0,34.0,69.0
2019-02-26 11:00:00,156.0,79.0,20.0,14.0,87.0,96.0,52.0,25.0,185.0,21.0,47.0,39.0,25.0,148.0,21.0,20.0,23.0,26.0,29.0,124.0,17.0,15.0,10.0,22.0
2019-02-26 12:00:00,89.0,44.0,34.0,11.0,42.0,56.0,71.0,17.0,43.0,15.0,34.0,22.0,18.0,35.0,15.0,13.0,13.0,15.0,16.0,98.0,10.0,6.0,7.0,16.0
2019-02-26 13:00:00,40.0,29.0,14.0,9.0,13.0,26.0,19.0,9.0,19.0,12.0,18.0,7.0,12.0,15.0,11.0,5.0,5.0,9.0,8.0,55.0,5.0,3.0,8.0,8.0
2019-02-26 14:00:00,20.0,19.0,17.0,6.0,8.0,10.0,7.0,4.0,24.0,17.0,14.0,5.0,9.0,6.0,14.0,2.0,5.0,2.0,5.0,41.0,7.0,3.0,5.0,7.0
2019-02-26 15:00:00,14.0,15.0,12.0,6.0,8.0,7.0,5.0,4.0,13.0,9.0,11.0,7.0,6.0,4.0,7.0,2.0,12.0,1.0,2.0,30.0,13.0,6.0,4.0,9.0
2019-02-26 16:00:00,6.0,13.0,15.0,6.0,4.0,5.0,2.0,3.0,6.0,11.0,7.0,5.0,5.0,2.0,8.0,1.0,5.0,1.0,2.0,34.0,5.0,5.0,3.0,7.0
2019-02-26 17:00:00,7.0,15.0,20.0,4.0,6.0,5.0,1.0,2.0,3.0,10.0,6.0,4.0,6.0,1.0,7.0,1.0,4.0,1.0,2.0,40.0,3.0,2.0,2.0,6.0
2019-02-26 18:00:00,8.0,18.0,21.0,7.0,3.0,5.0,1.0,2.0,4.0,10.0,6.0,3.0,6.0,1.0,6.0,1.0,4.0,1.0,2.0,42.0,2.0,2.0,2.0,6.0
2019-02-26 19:00:00,9.0,24.0,27.0,8.0,4.0,4.0,1.0,3.0,3.0,24.0,7.0,2.0,7.0,1.0,5.0,1.0,2.0,3.0,11.0,75.0,1.0,3.0,2.0,5.0
2019-02-26 20:00:00,29.0,67.0,51.0,30.0,13.0,24.0,1.0,16.0,18.0,48.0,14.0,2.0,18.0,5.0,9.0,1.0,4.0,10.0,47.0,154.0,16.0,6.0,16.0,13.0
2019-02-26 21:00:00,85.0,78.0,59.0,15.0,13.0,63.0,13.0,32.0,13.0,18.0,22.0,3.0,11.0,3.0,25.0,1.0,8.0,28.0,65.0,225.0,8.0,4.0,40.0,12.0
2019-02-26 22:00:00,176.0,71.0,55.0,12.0,111.0,140.0,17.0,85.0,10.0,20.0,11.0,9.0,11.0,75.0,41.0,1.0,18.0,51.0,98.0,636.0,17.0,5.0,19.0,6.0
2019-02-26 23:00:00,175.0,84.0,111.0,35.0,172.0,117.0,10.0,89.0,52.0,22.0,69.0,92.0,4.0,84.0,24.0,1.0,13.0,118.0,160.0,291.0,24.0,5.0,35.0,7.0
2019-02-27 00:00:00,78.0,81.0,120.0,71.0,214.0,36.0,19.0,11.0,161.0,13.0,55.0,128.0,8.0,95.0,30.0,4.0,18.0,62.0,35.0,31.0,39.0,2.0,71.0,35.0
2019-02-27 01:00:00,59.0,63.0,64.0,77.0,186.0,19.0,27.0,4.0,70.0,45.0,24.0,51.0,7.0,63.0,55.0,45.0,46.0,38.0,11.0,38.0,2.0,2.0,4.0,43.0
2019-02-27 02:00:00,43.0,17.0,14.0,8.0,129.0,34.0,29.0,1.0,105.0,23.0,7.0,12.0,4.0,45.0,10.0,15.0,12.0,31.0,1.0,49.0,1.0,1.0,1.0,19.0
2019-02-27 03:00:00,34.0,8.0,4.0,2.0,93.0,33.0,32.0,1.0,92.0,5.0,9.0,17.0,3.0,32.0,3.0,2.0,4.0,34.0,1.0,31.0,1.0,1.0,1.0,12.0
2019-02-27 04:00:00,21.0,3.0,1.0,1.0,57.0,15.0,16.0,1.0,66.0,1.0,3.0,4.0,1.0,11.0,1.0,1.0,4.0,2.0,1.0,20.0,1.0,1.0,1.0,3.0
2019-02-27 05:00:00,22.0,1.0,1.0,1.0,46.0,22.0,5.0,1.0,31.0,2.0,4.0,3.0,1.0,6.0,1.0,1.0,10.0,1.0,2.0,29.0,1.0,1.0,1.0,7.0
2019-02-27 06:00:00,25.0,3.0,1.0,1.0,61.0,8.0,1.0,8.0,18.0,4.0,2.0,1.0,2.0,6.0,1.0,1.0,3.0,28.0,25.0,30.0,1.0,2.0,1.0,7.0
2019-02-27 07:00:00,63.0,16.0,2.0,7.0,146.0,25.0,1.0,27.0,43.0,22.0,9.0,1.0,6.0,25.0,5.0,1.0,5.0,47.0,40.0,53.0,1.0,13.0,1.0,7.0
2019-02-27 08:00:00,113.0,56.0,18.0,19.0,212.0,58.0,2.0,35.0,84.0,51.0,80.0,30.0,30.0,83.0,16.0,1.0,22.0,30.0,37.0,121.0,22.0,34.0,3.0,62.0
2019-02-27 09:00:00,207.0,113.0,63.0,66.0,195.0,109.0,11.0,34.0,207.0,64.0,104.0,222.0,54.0,147.0,45.0,24.0,76.0,86.0,55.0,139.0,93.0,22.0,20.0,156.0
2019-02-27 10:00:00,274.0,104.0,42.0,41.0,202.0,106.0,40.0,35.0,160.0,55.0,77.0,247.0,48.0,161.0,30.0,32.0,34.0,77.0,44.0,159.0,57.0,26.0,21.0,97.0
2019-02-27 11:00:00,194.0,81.0,26.0,23.0,99.0,73.0,82.0,32.0,63.0,36.0,29.0,17.0,32.0,47.0,18.0,22.0,13.0,74.0,71.0,93.0,13.0,22.0,26.0,19.0
2019-02-27 12:00:00,82.0,39.0,32.0,20.0,25.0,49.0,41.0,17.0,36.0,27.0,31.0,18.0,22.0,32.0,25.0,18.0,17.0,35.0,34.0,90.0,12.0,10.0,22.0,14.0
2019-02-27 13:00:00,55.0,35.0,21.0,19.0,22.0,33.0,34.0,10.0,51.0,22.0,31.0,17.0,33.0,24.0,24.0,14.0,12.0,31.0,22.0,54.0,11.0,6.0,12.0,11.0
2019-02-27 14:00:00,23.0,28.0,27.0,15.0,12.0,19.0,16.0,13.0,27.0,30.0,25.0,16.0,16.0,14.0,23.0,9.0,30.0,2.0,13.0,44.0,18.0,11.0,13.0,16.0
2019-02-27 15:00:00,16.0,30.0,61.0,11.0,9.0,9.0,5.0,9.0,11.0,13.0,12.0,8.0,13.0,5.0,15.0,3.0,25.0,1.0,7.0,28.0,13.0,8.0,9.0,12.0
2019-02-27 16:00:00,9.0,23.0,19.0,8.0,7.0,7.0,4.0,7.0,5.0,11.0,10.0,8.0,7.0,4.0,10.0,2.0,27.0,1.0,5.0,33.0,9.0,5.0,6.0,10.0
2019-02-27 17:00:00,8.0,23.0,13.0,10.0,7.0,3.0,2.0,7.0,4.0,10.0,8.0,5.0,9.0,2.0,10.0,1.0,32.0,1.0,5.0,23.0,7.0,3.0,6.0,10.0
2019-02-27 18:00:00,9.0,23.0,15.0,7.0,10.0,4.0,1.0,4.0,3.0,39.0,14.0,6.0,9.0,1.0,7.0,1.0,40.0,1.0,3.0,28.0,6.0,3.0,3.0,10.0
2019-02-27 19:00:00,7.0,34.0,15.0,8.0,27.0,4.0,1.0,10.0,2.0,30.0,20.0,7.0,9.0,1.0,12.0,1.0,65.0,1.0,10.0,29.0,11.0,9.0,3.0,10.0
2019-02-27 20:00:00,32.0,61.0,25.0,25.0,92.0,34.0,1.0,34.0,7.0,17.0,31.0,15.0,28.0,4.0,22.0,1.0,85.0,1.0,27.0,119.0,28.0,9.0,41.0,13.0
2019-02-27 21:00:00,42.0,66.0,14.0,33.0,160.0,21.0,4.0,76.0,8.0,36.0,27.0,48.0,46.0,12.0,23.0,1.0,104.0,41.0,65.0,115.0,15.0,2.0,40.0,30.0
2019-02-27 22:00:00,94.0,66.0,5.0,30.0,116.0,63.0,1.0,107.0,5.0,40.0,16.0,39.0,42.0,7.0,18.0,1.0,55.0,22.0,115.0,313.0,6.0,3.0,28.0,17.0
2019-02-27 23:00:00,192.0,39.0,12.0,18.0,96.0,95.0,21.0,80.0,16.0,45.0,19.0,36.0,20.0,22.0,7.0,1.0,46.0,62.0,122.0,215.0,13.0,4.0,32.0,34.0
2019-02-28 00:00:00,81.0,35.0,85.0,50.0,48.0,83.0,7.0,26.0,9.0,50.0,41.0,101.0,54.0,107.0,35.0,1.0,65.0,80.0,64.0,153.0,56.0,5.0,30.0,13.0
2019-02-28 01:00:00,99.0,18.0,63.0,77.0,21.0,47.0,21.0,62.0,13.0,33.0,26.0,53.0,55.0,89.0,36.0,1.0,26.0,43.0,121.0,54.0,51.0,1.0,20.0,38.0
2019-02-28 02:00:00,71.0,14.0,51.0,49.0,39.0,43.0,3.0,95.0,11.0,25.0,2.0,85.0,40.0,50.0,4.0,1.0,24.0,1.0,157.0,65.0,14.0,1.0,24.0,80.0
2019-02-28 03:00:00,48.0,11.0,45.0,88.0,33.0,7.0,3.0,42.0,40.0,37.0,5.0,47.0,12.0,21.0,3.0,1.0,33.0,40.0,55.0,20.0,22.0,1.0,41.0,44.0
2019-02-28 04:00:00,21.0,26.0,61.0,35.0,28.0,3.0,1.0,15.0,25.0,92.0,10.0,34.0,54.0,11.0,55.0,17.0,56.0,49.0,50.0,17.0,15.0,1.0,51.0,16.0
2019-02-28 05:00:00,14.0,55.0,34.0,22.0,57.0,3.0,1.0,4.0,14.0,74.0,35.0,39.0,45.0,3.0,25.0,63.0,23.0,44.0,53.0,16.0,6.0,1.0,37.0,12.0
2019-02-28 06:00:00,17.0,17.0,9.0,11.0,67.0,4.0,2.0,26.0,26.0,34.0,39.0,21.0,24.0,5.0,12.0,44.0,7.0,18.0,67.0,22.0,8.0,1.0,7.0,10.0
2019-02-28 07:00:00,51.0,35.0,11.0,17.0,97.0,14.0,1.0,53.0,36.0,50.0,19.0,27.0,34.0,20.0,4.0,16.0,8.0,65.0,142.0,55.0,2.0,7.0,3.0,17.0
2019-02-28 08:00:00,147.0,89.0,61.0,55.0,186.0,50.0,1.0,122.0,85.0,118.0,66.0,47.0,54.0,70.0,37.0,18.0,30.0,98.0,188.0,85.0,37.0,32.0,44.0,68.0
2019-02-28 09:00:00,209.0,145.0,96.0,127.0,274.0,105.0,14.0,66.0,140.0,196.0,105.0,259.0,80.0,135.0,67.0,41.0,87.0,97.0,111.0,157.0,73.0,17.0,98.0,167.0
2019-02-28 10:00:00,228.0,106.0,48.0,51.0,160.0,105.0,36.0,44.0,193.0,96.0,151.0,298.0,73.0,166.0,54.0,42.0,61.0,78.0,94.0,183.0,53.0,15.0,30.0,124.0
2019-02-28 11:00:00,164.0,70.0,21.0,25.0,150.0,113.0,68.0,27.0,149.0,73.0,50.0,43.0,29.0,132.0,36.0,34.0,18.0,60.0,41.0,147.0,16.0,13.0,29.0,43.0
2019-02-28 12:00:00,116.0,44.0,21.0,22.0,101.0,76.0,61.0,17.0,131.0,72.0,110.0,11.0,25.0,91.0,29.0,20.0,13.0,36.0,20.0,105.0,9.0,10.0,10.0,14.0
2019-02-28 13:00:00,87.0,32.0,30.0,11.0,42.0,50.0,60.0,10.0,97.0,39.0,38.0,11.0,17.0,48.0,13.0,10.0,16.0,12.0,7.0,84.0,6.0,10.0,10.0,11.0
2019-02-28 14:00:00,56.0,35.0,21.0,15.0,25.0,34.0,36.0,12.0,47.0,17.0,57.0,13.0,16.0,28.0,16.0,16.0,32.0,3.0,6.0,67.0,7.0,7.0,6.0,10.0
2019-02-28 15:00:00,19.0,25.0,37.0,11.0,9.0,14.0,11.0,7.0,12.0,16.0,19.0,13.0,13.0,7.0,25.0,5.0,54.0,1.0,2.0,42.0,9.0,5.0,4.0,9.0
2019-02-28 16:00:00,13.0,25.0,40.0,17.0,10.0,11.0,8.0,5.0,10.0,35.0,13.0,5.0,12.0,7.0,19.0,4.0,43.0,1.0,3.0,35.0,7.0,4.0,5.0,7.0
2019-02-28 17:00:00,13.0,25.0,18.0,18.0,14.0,11.0,5.0,5.0,8.0,23.0,13.0,6.0,26.0,4.0,16.0,3.0,46.0,1.0,2.0,32.0,6.0,4.0,3.0,7.0
2019-02-28 18:00:00,12.0,34.0,31.0,18.0,16.0,9.0,3.0,3.0,6.0,26.0,19.0,9.0,48.0,1.0,17.0,2.0,48.0,3.0,2.0,43.0,8.0,3.0,2.0,10.0
2019-02-28 19:00:00,11.0,44.0,26.0,18.0,46.0,7.0,1.0,14.0,5.0,34.0,19.0,10.0,34.0,1.0,21.0,1.0,63.0,2.0,15.0,120.0,19.0,5.0,3.0,7.0
2019-02-28 20:00:00,54.0,54.0,38.0,25.0,163.0,17.0,1.0,68.0,7.0,45.0,36.0,15.0,68.0,1.0,21.0,1.0,113.0,35.0,51.0,200.0,34.0,15.0,38.0,31.0
2019-02-28 21:00:00,54.0,68.0,30.0,25.0,134.0,33.0,1.0,112.0,13.0,95.0,38.0,48.0,65.0,7.0,27.0,1.0,91.0,118.0,45.0,133.0,38.0,4.0,83.0,47.0
2019-02-28 22:00:00,145.0,59.0,23.0,31.0,100.0,64.0,12.0,64.0,25.0,42.0,43.0,39.0,33.0,3.0,17.0,1.0,66.0,83.0,81.0,140.0,14.0,15.0,38.0,13.0
2019-02-28 23:00:00,234.0,49.0,7.0,30.0,125.0,114.0,14.0,32.0,39.0,61.0,15.0,36.0,31.0,51.0,9.0,28.0,3.0,118.0,48.0,263.0,8.0,5.0,9.0,20.0
2019-03-01 00:00:00,161.0,27.0,4.0,1.0,193.0,118.0,3.0,14.0,75.0,23.0,49.0,101.0,2.0,107.0,1.0,8.0,3.0,23.0,26.0,176.0,3.0,2.0,1.0,4.0
