index,variable,value,lat,lon
2016-01-31,28079008,1.0123822341857336,40.4215533,-3.6823158
2016-02-29,28079008,0.9024425287356322,40.4215533,-3.6823158
2016-03-31,28079008,0.8248655913978495,40.4215533,-3.6823158
2016-04-30,28079008,0.5951388888888889,40.4215533,-3.6823158
2016-05-31,28079008,0.5909946236559139,40.4215533,-3.6823158
2016-06-30,28079008,0.5441666666666667,40.4215533,-3.6823158
2016-07-31,28079008,0.5081989247311828,40.4215533,-3.6823158
2016-08-31,28079008,0.4256720430107527,40.4215533,-3.6823158
2016-09-30,28079008,0.7358333333333332,40.4215533,-3.6823158
2016-10-31,28079008,1.0915322580645161,40.4215533,-3.6823158
2016-11-30,28079008,1.0509722222222222,40.4215533,-3.6823158
2016-12-31,28079008,1.2345430107526882,40.4215533,-3.6823158
2017-01-31,28079008,1.1788978494623656,40.4215533,-3.6823158
2017-02-28,28079008,0.8738095238095239,40.4215533,-3.6823158
2017-03-31,28079008,0.905241935483871,40.4215533,-3.6823158
2017-04-30,28079008,0.6026388888888888,40.4215533,-3.6823158
2017-05-31,28079008,0.5762096774193548,40.4215533,-3.6823158
2017-06-30,28079008,0.5583333333333333,40.4215533,-3.6823158
2017-07-31,28079008,0.535752688172043,40.4215533,-3.6823158
2017-08-31,28079008,0.4524193548387097,40.4215533,-3.6823158
2017-09-30,28079008,0.7745833333333334,40.4215533,-3.6823158
2017-10-31,28079008,1.110752688172043,40.4215533,-3.6823158
2017-11-30,28079008,1.40375,40.4215533,-3.6823158
2017-12-31,28079008,1.1950268817204301,40.4215533,-3.6823158
2018-01-31,28079008,1.0685344827586207,40.4215533,-3.6823158
2018-02-28,28079008,0.962202380952381,40.4215533,-3.6823158
2018-03-31,28079008,0.6760752688172043,40.4215533,-3.6823158
2018-04-30,28079008,0.6074999999999999,40.4215533,-3.6823158
2018-05-31,28079008,0.5135752688172043,40.4215533,-3.6823158
2018-06-30,28079008,0.4340277777777778,40.4215533,-3.6823158
2018-07-31,28079008,0.439247311827957,40.4215533,-3.6823158
2018-08-31,28079008,0.3951612903225806,40.4215533,-3.6823158
2018-09-30,28079008,0.5163888888888889,40.4215533,-3.6823158
2018-10-31,28079008,0.7381720430107528,40.4215533,-3.6823158
2018-11-30,28079008,0.831388888888889,40.4215533,-3.6823158
2018-12-31,28079008,1.2719086021505375,40.4215533,-3.6823158
2019-01-31,28079008,1.2595430107526882,40.4215533,-3.6823158
2019-02-28,28079008,1.0208333333333333,40.4215533,-3.6823158
2019-03-31,28079008,0.6801075268817204,40.4215533,-3.6823158
2019-04-30,28079008,0.5020833333333333,40.4215533,-3.6823158
2019-05-31,28079008,0.36142473118279567,40.4215533,-3.6823158
2019-06-30,28079008,0.38833333333333336,40.4215533,-3.6823158
2019-07-31,28079008,0.3461979913916786,40.4215533,-3.6823158
2019-08-31,28079008,0.7799999999999999,40.4215533,-3.6823158
2019-09-30,28079008,0.6527777777777778,40.4215533,-3.6823158
2019-10-31,28079008,0.8533602150537634,40.4215533,-3.6823158
2019-11-30,28079008,0.6397222222222223,40.4215533,-3.6823158
2019-12-31,28079008,0.8974462365591398,40.4215533,-3.6823158
2020-01-31,28079008,1.1010752688172043,40.4215533,-3.6823158
2020-02-29,28079008,0.9803160919540229,40.4215533,-3.6823158
2020-03-31,28079008,0.5184139784946237,40.4215533,-3.6823158
2020-04-30,28079008,0.25930555555555557,40.4215533,-3.6823158
2020-05-31,28079008,0.27190860215053764,40.4215533,-3.6823158
2020-06-30,28079008,0.30680555555555555,40.4215533,-3.6823158
2020-07-31,28079008,0.40524193548387094,40.4215533,-3.6823158
2020-08-31,28079008,0.42016129032258065,40.4215533,-3.6823158
2020-09-30,28079008,0.5408333333333333,40.4215533,-3.6823158
2020-10-31,28079008,0.6114247311827957,40.4215533,-3.6823158
2020-11-30,28079008,0.7052777777777778,40.4215533,-3.6823158
2020-12-31,28079008,0.616504854368932,40.4215533,-3.6823158
2021-01-31,28079008,0.7357032457496137,40.4215533,-3.6823158
2021-02-28,28079008,0.6316964285714286,40.4215533,-3.6823158
2021-03-31,28079008,0.6016129032258065,40.4215533,-3.6823158
2021-04-30,28079008,0.4220833333333333,40.4215533,-3.6823158
2021-05-31,28079008,0.36572580645161296,40.4215533,-3.6823158
2021-06-30,28079008,0.26305555555555554,40.4215533,-3.6823158
2021-07-31,28079008,0.30618279569892476,40.4215533,-3.6823158
2021-08-31,28079008,0.2794642857142857,40.4215533,-3.6823158
2021-09-30,28079008,0.1676388888888889,40.4215533,-3.6823158
2021-10-31,28079008,0.4989247311827957,40.4215533,-3.6823158
2021-11-30,28079008,0.1,40.4215533,-3.6823158
2016-01-31,28079011,1.7613728129205923,40.4514734,-3.6773491
2016-02-29,28079011,1.6303160919540232,40.4514734,-3.6773491
2016-03-31,28079011,1.1862903225806452,40.4514734,-3.6773491
2016-04-30,28079011,0.6758333333333334,40.4514734,-3.6773491
2016-05-31,28079011,0.42513440860215057,40.4514734,-3.6773491
2016-06-30,28079011,1.11125,40.4514734,-3.6773491
2016-07-31,28079011,1.159274193548387,40.4514734,-3.6773491
2016-08-31,28079011,1.048252688172043,40.4514734,-3.6773491
2016-09-30,28079011,1.68,40.4514734,-3.6773491
2016-10-31,28079011,2.1006720430107526,40.4514734,-3.6773491
2016-11-30,28079011,2.1465277777777776,40.4514734,-3.6773491
2016-12-31,28079011,2.3983870967741936,40.4514734,-3.6773491
2017-01-31,28079011,2.172043010752688,40.4514734,-3.6773491
2017-02-28,28079011,0.9599702380952382,40.4514734,-3.6773491
2017-03-31,28079011,0.5258064516129032,40.4514734,-3.6773491
2017-04-30,28079011,0.30388888888888893,40.4514734,-3.6773491
2017-05-31,28079011,0.28413978494623654,40.4514734,-3.6773491
2017-06-30,28079011,0.32333333333333336,40.4514734,-3.6773491
2017-07-31,28079011,0.2926075268817204,40.4514734,-3.6773491
2017-08-31,28079011,0.24260752688172044,40.4514734,-3.6773491
2017-09-30,28079011,0.5713888888888888,40.4514734,-3.6773491
2017-10-31,28079011,0.8108870967741935,40.4514734,-3.6773491
2017-11-30,28079011,0.9609722222222222,40.4514734,-3.6773491
2017-12-31,28079011,0.8153225806451613,40.4514734,-3.6773491
2018-01-31,28079011,0.6295698924731182,40.4514734,-3.6773491
2018-02-28,28079011,0.5294642857142857,40.4514734,-3.6773491
2018-03-31,28079011,0.36922043010752686,40.4514734,-3.6773491
2018-04-30,28079011,0.2959722222222222,40.4514734,-3.6773491
2018-05-31,28079011,0.2594086021505376,40.4514734,-3.6773491
2018-06-30,28079011,0.21680555555555556,40.4514734,-3.6773491
2018-07-31,28079011,0.22123655913978493,40.4514734,-3.6773491
2018-08-31,28079011,0.23118279569892472,40.4514734,-3.6773491
2018-09-30,28079011,0.3898611111111111,40.4514734,-3.6773491
2018-10-31,28079011,0.4743279569892473,40.4514734,-3.6773491
2018-11-30,28079011,0.4272222222222223,40.4514734,-3.6773491
2018-12-31,28079011,0.8155913978494623,40.4514734,-3.6773491
2019-01-31,28079011,0.7235215053763441,40.4514734,-3.6773491
2019-02-28,28079011,0.6492559523809524,40.4514734,-3.6773491
2019-03-31,28079011,0.34529569892473116,40.4514734,-3.6773491
2019-04-30,28079011,0.25458333333333333,40.4514734,-3.6773491
2019-05-31,28079011,0.19408602150537635,40.4514734,-3.6773491
2019-06-30,28079011,0.33958333333333335,40.4514734,-3.6773491
2019-07-31,28079011,0.3095430107526882,40.4514734,-3.6773491
2019-08-31,28079011,0.21384408602150537,40.4514734,-3.6773491
2019-09-30,28079011,0.30962643678160917,40.4514734,-3.6773491
2019-10-31,28079011,0.46411290322580645,40.4514734,-3.6773491
2019-11-30,28079011,0.3016666666666667,40.4514734,-3.6773491
2019-12-31,28079011,0.6349462365591397,40.4514734,-3.6773491
2020-01-31,28079011,0.7403225806451612,40.4514734,-3.6773491
2020-02-29,28079011,0.6586206896551724,40.4514734,-3.6773491
2020-03-31,28079011,0.2678763440860215,40.4514734,-3.6773491
2020-04-30,28079011,0.21194444444444444,40.4514734,-3.6773491
2020-05-31,28079011,0.1836021505376344,40.4514734,-3.6773491
2020-06-30,28079011,0.16708333333333333,40.4514734,-3.6773491
2020-07-31,28079011,0.15698924731182798,40.4514734,-3.6773491
2020-08-31,28079011,0.14879032258064517,40.4514734,-3.6773491
2020-09-30,28079011,0.22944444444444448,40.4514734,-3.6773491
2020-10-31,28079011,0.28763440860215056,40.4514734,-3.6773491
2020-11-30,28079011,0.4591666666666667,40.4514734,-3.6773491
2020-12-31,28079011,0.3081989247311828,40.4514734,-3.6773491
2021-01-31,28079011,0.5051075268817204,40.4514734,-3.6773491
2021-02-28,28079011,0.25089285714285714,40.4514734,-3.6773491
2021-03-31,28079011,0.2264784946236559,40.4514734,-3.6773491
2021-04-30,28079011,0.18041666666666667,40.4514734,-3.6773491
2021-05-31,28079011,0.15255376344086022,40.4514734,-3.6773491
2021-06-30,28079011,0.15,40.4514734,-3.6773491
2021-07-31,28079011,0.13763440860215054,40.4514734,-3.6773491
2021-08-31,28079011,0.16841397849462364,40.4514734,-3.6773491
2021-09-30,28079011,0.23527777777777778,40.4514734,-3.6773491
2021-10-31,28079011,0.3193548387096774,40.4514734,-3.6773491
2021-11-30,28079011,0.2,40.4514734,-3.6773491
2016-01-31,28079018,0.4732166890982504,40.3947825,-3.7318356
2016-02-29,28079018,0.3852011494252874,40.3947825,-3.7318356
2016-03-31,28079018,0.3286290322580645,40.3947825,-3.7318356
2016-04-30,28079018,0.23555555555555555,40.3947825,-3.7318356
2016-05-31,28079018,0.210752688172043,40.3947825,-3.7318356
2016-06-30,28079018,0.1852777777777778,40.3947825,-3.7318356
2016-07-31,28079018,0.19099462365591396,40.3947825,-3.7318356
2016-08-31,28079018,0.19905913978494622,40.3947825,-3.7318356
2016-09-30,28079018,0.2872222222222222,40.3947825,-3.7318356
2016-10-31,28079018,0.4380376344086021,40.3947825,-3.7318356
2016-11-30,28079018,0.5150495049504951,40.3947825,-3.7318356
2016-12-31,28079018,6.084754990925591,40.3947825,-3.7318356
2017-01-31,28079018,14.790518134715027,40.3947825,-3.7318356
2017-02-28,28079018,0.4879120879120879,40.3947825,-3.7318356
2017-03-31,28079018,0.5759408602150538,40.3947825,-3.7318356
2017-04-30,28079018,0.30916666666666665,40.3947825,-3.7318356
2017-05-31,28079018,0.3045698924731183,40.3947825,-3.7318356
2017-06-30,28079018,0.25527777777777777,40.3947825,-3.7318356
2017-07-31,28079018,0.26518817204301076,40.3947825,-3.7318356
2017-08-31,28079018,0.2594086021505376,40.3947825,-3.7318356
2017-09-30,28079018,0.45944444444444443,40.3947825,-3.7318356
2017-10-31,28079018,0.7053763440860215,40.3947825,-3.7318356
2017-11-30,28079018,0.8786111111111111,40.3947825,-3.7318356
2017-12-31,28079018,0.7603494623655914,40.3947825,-3.7318356
2018-01-31,28079018,0.5986559139784946,40.3947825,-3.7318356
2018-02-28,28079018,0.5313988095238096,40.3947825,-3.7318356
2018-03-31,28079018,0.2926075268817204,40.3947825,-3.7318356
2018-04-30,28079018,0.325,40.3947825,-3.7318356
2018-05-31,28079018,0.20201612903225807,40.3947825,-3.7318356
2018-06-30,28079018,0.1964506172839506,40.3947825,-3.7318356
2018-07-31,28079018,0.17661290322580647,40.3947825,-3.7318356
2018-08-31,28079018,0.18010752688172044,40.3947825,-3.7318356
2018-09-30,28079018,0.23763888888888887,40.3947825,-3.7318356
2018-10-31,28079018,0.3235215053763441,40.3947825,-3.7318356
2018-11-30,28079018,0.29000000000000004,40.3947825,-3.7318356
2018-12-31,28079018,0.47647849462365593,40.3947825,-3.7318356
2019-01-31,28079018,0.5068548387096774,40.3947825,-3.7318356
2019-02-28,28079018,0.8434523809523808,40.3947825,-3.7318356
2019-03-31,28079018,0.4081989247311828,40.3947825,-3.7318356
2019-04-30,28079018,0.24958333333333335,40.3947825,-3.7318356
2019-05-31,28079018,0.1943548387096774,40.3947825,-3.7318356
2019-06-30,28079018,0.20402777777777778,40.3947825,-3.7318356
2019-07-31,28079018,0.15954301075268817,40.3947825,-3.7318356
2019-08-31,28079018,0.22123655913978493,40.3947825,-3.7318356
2019-09-30,28079018,0.30625,40.3947825,-3.7318356
2019-10-31,28079018,0.3588709677419355,40.3947825,-3.7318356
2019-11-30,28079018,0.275,40.3947825,-3.7318356
2019-12-31,28079018,0.6150537634408603,40.3947825,-3.7318356
2020-01-31,28079018,0.8120967741935484,40.3947825,-3.7318356
2020-02-29,28079018,0.6018678160919539,40.3947825,-3.7318356
2020-03-31,28079018,0.22688172043010754,40.3947825,-3.7318356
2020-04-30,28079018,0.11861111111111113,40.3947825,-3.7318356
2020-05-31,28079018,0.10900537634408604,40.3947825,-3.7318356
2020-06-30,28079018,0.12013888888888889,40.3947825,-3.7318356
2020-07-31,28079018,0.16478494623655915,40.3947825,-3.7318356
2020-08-31,28079018,0.2553763440860215,40.3947825,-3.7318356
2020-09-30,28079018,0.2677777777777778,40.3947825,-3.7318356
2020-10-31,28079018,0.37943548387096776,40.3947825,-3.7318356
2020-11-30,28079018,0.6322222222222222,40.3947825,-3.7318356
2020-12-31,28079018,0.36572580645161296,40.3947825,-3.7318356
2021-01-31,28079018,0.7869623655913979,40.3947825,-3.7318356
2021-02-28,28079018,0.3574404761904762,40.3947825,-3.7318356
2021-03-31,28079018,0.2978494623655914,40.3947825,-3.7318356
2021-04-30,28079018,0.20305555555555557,40.3947825,-3.7318356
2021-05-31,28079018,0.13978494623655913,40.3947825,-3.7318356
2021-06-30,28079018,0.13097222222222224,40.3947825,-3.7318356
2021-07-31,28079018,0.15902777777777777,40.3947825,-3.7318356
2021-08-31,28079018,0.14986559139784947,40.3947825,-3.7318356
2021-09-30,28079018,0.14569444444444446,40.3947825,-3.7318356
2021-10-31,28079018,0.1614247311827957,40.3947825,-3.7318356
2021-11-30,28079018,0.1,40.3947825,-3.7318356
2016-01-31,28079024,0.45800807537012117,40.4193577,-3.7473445
2016-02-29,28079024,0.3830459770114943,40.4193577,-3.7473445
2016-03-31,28079024,0.3004032258064516,40.4193577,-3.7473445
2016-04-30,28079024,0.1986111111111111,40.4193577,-3.7473445
2016-05-31,28079024,0.15228494623655917,40.4193577,-3.7473445
2016-06-30,28079024,0.14396551724137932,40.4193577,-3.7473445
2016-07-31,28079024,0.14368279569892473,40.4193577,-3.7473445
2016-08-31,28079024,0.14879032258064517,40.4193577,-3.7473445
2016-09-30,28079024,0.19791666666666666,40.4193577,-3.7473445
2016-10-31,28079024,0.2782258064516129,40.4193577,-3.7473445
2016-11-30,28079024,0.37930555555555556,40.4193577,-3.7473445
2016-12-31,28079024,0.5466397849462366,40.4193577,-3.7473445
2017-01-31,28079024,0.47809139784946236,40.4193577,-3.7473445
2017-02-28,28079024,0.32663690476190477,40.4193577,-3.7473445
2017-03-31,28079024,0.24516129032258066,40.4193577,-3.7473445
2017-04-30,28079024,0.25194444444444447,40.4193577,-3.7473445
2017-05-31,28079024,0.17271505376344087,40.4193577,-3.7473445
2017-06-30,28079024,0.17299382716049383,40.4193577,-3.7473445
2017-07-31,28079024,0.20819892473118282,40.4193577,-3.7473445
2017-08-31,28079024,0.2021505376344086,40.4193577,-3.7473445
2017-09-30,28079024,0.24680555555555558,40.4193577,-3.7473445
2017-10-31,28079024,0.3043010752688172,40.4193577,-3.7473445
2017-11-30,28079024,0.6955555555555556,40.4193577,-3.7473445
2017-12-31,28079024,0.6985215053763442,40.4193577,-3.7473445
2018-01-31,28079024,0.567741935483871,40.4193577,-3.7473445
2018-02-28,28079024,0.5416666666666666,40.4193577,-3.7473445
2018-03-31,28079024,0.3258064516129032,40.4193577,-3.7473445
2018-04-30,28079024,0.26458333333333334,40.4193577,-3.7473445
2018-05-31,28079024,0.19166666666666665,40.4193577,-3.7473445
2018-06-30,28079024,0.15416666666666667,40.4193577,-3.7473445
2018-07-31,28079024,0.14139784946236558,40.4193577,-3.7473445
2018-08-31,28079024,0.17338709677419356,40.4193577,-3.7473445
2018-09-30,28079024,0.22013888888888888,40.4193577,-3.7473445
2018-10-31,28079024,0.27567204301075265,40.4193577,-3.7473445
2018-11-30,28079024,0.38819444444444445,40.4193577,-3.7473445
2018-12-31,28079024,0.7415322580645162,40.4193577,-3.7473445
2019-01-31,28079024,0.7418010752688172,40.4193577,-3.7473445
2019-02-28,28079024,0.6418154761904762,40.4193577,-3.7473445
2019-03-31,28079024,0.38010752688172045,40.4193577,-3.7473445
2019-04-30,28079024,0.24625000000000002,40.4193577,-3.7473445
2019-05-31,28079024,0.15053763440860216,40.4193577,-3.7473445
2019-06-30,28079024,0.1601388888888889,40.4193577,-3.7473445
2019-07-31,28079024,0.17069892473118278,40.4193577,-3.7473445
2019-08-31,28079024,0.1693548387096774,40.4193577,-3.7473445
2019-09-30,28079024,0.21319444444444444,40.4193577,-3.7473445
2019-10-31,28079024,0.3099462365591398,40.4193577,-3.7473445
2019-11-30,28079024,0.23236111111111113,40.4193577,-3.7473445
2019-12-31,28079024,0.5618279569892473,40.4193577,-3.7473445
2020-01-31,28079024,0.7969086021505376,40.4193577,-3.7473445
2020-02-29,28079024,0.6063218390804598,40.4193577,-3.7473445
2020-03-31,28079024,0.3318548387096774,40.4193577,-3.7473445
2020-04-30,28079024,0.20777777777777778,40.4193577,-3.7473445
2020-05-31,28079024,0.13696236559139785,40.4193577,-3.7473445
2020-06-30,28079024,0.12444444444444445,40.4193577,-3.7473445
2020-07-31,28079024,0.151747311827957,40.4193577,-3.7473445
2020-08-31,28079024,0.12728494623655914,40.4193577,-3.7473445
2020-09-30,28079024,0.1626388888888889,40.4193577,-3.7473445
2020-10-31,28079024,0.23803763440860215,40.4193577,-3.7473445
2020-11-30,28079024,0.5584722222222223,40.4193577,-3.7473445
2020-12-31,28079024,0.4029569892473118,40.4193577,-3.7473445
2021-01-31,28079024,0.6875,40.4193577,-3.7473445
2021-02-28,28079024,0.3595,40.4193577,-3.7473445
2021-03-31,28079024,0.33198924731182794,40.4193577,-3.7473445
2021-04-30,28079024,0.22430555555555556,40.4193577,-3.7473445
2021-05-31,28079024,0.1389784946236559,40.4193577,-3.7473445
2021-06-30,28079024,0.12386980108499096,40.4193577,-3.7473445
2021-07-31,28079024,0.1333796940194715,40.4193577,-3.7473445
2021-08-31,28079024,0.14274193548387099,40.4193577,-3.7473445
2021-09-30,28079024,0.15736111111111112,40.4193577,-3.7473445
2021-10-31,28079024,0.2501344086021505,40.4193577,-3.7473445
2021-11-30,28079024,0.1,40.4193577,-3.7473445
2016-01-31,28079038,0.46123822341857335,40.4455439,-3.7071303
2016-02-29,28079038,0.3538793103448276,40.4455439,-3.7071303
2016-03-31,28079038,0.21612903225806454,40.4455439,-3.7071303
2016-04-30,28079038,0.14500000000000002,40.4455439,-3.7071303
2016-05-31,28079038,0.16061827956989247,40.4455439,-3.7071303
2016-06-30,28079038,0.13805555555555557,40.4455439,-3.7071303
2016-07-31,28079038,0.16720430107526882,40.4455439,-3.7071303
2016-08-31,28079038,0.1478494623655914,40.4455439,-3.7071303
2016-09-30,28079038,0.26819444444444446,40.4455439,-3.7071303
2016-10-31,28079038,0.6264784946236559,40.4455439,-3.7071303
2016-11-30,28079038,0.49124999999999996,40.4455439,-3.7071303
2016-12-31,28079038,1.7875,40.4455439,-3.7071303
2017-01-31,28079038,1.1984722222222222,40.4455439,-3.7071303
2017-02-28,28079038,0.5361607142857143,40.4455439,-3.7071303
2017-03-31,28079038,0.5846774193548387,40.4455439,-3.7071303
2017-04-30,28079038,0.47194444444444444,40.4455439,-3.7071303
2017-05-31,28079038,0.3809139784946236,40.4455439,-3.7071303
2017-06-30,28079038,0.3458333333333333,40.4455439,-3.7071303
2017-07-31,28079038,0.3599462365591398,40.4455439,-3.7071303
2017-08-31,28079038,0.28024193548387094,40.4455439,-3.7071303
2017-09-30,28079038,0.4577777777777778,40.4455439,-3.7071303
2017-10-31,28079038,0.7650537634408603,40.4455439,-3.7071303
2017-11-30,28079038,1.4413888888888888,40.4455439,-3.7071303
2017-12-31,28079038,0.9791666666666666,40.4455439,-3.7071303
2018-01-31,28079038,0.7990591397849462,40.4455439,-3.7071303
2018-02-28,28079038,0.7870535714285714,40.4455439,-3.7071303
2018-03-31,28079038,0.5022849462365592,40.4455439,-3.7071303
2018-04-30,28079038,0.5411111111111111,40.4455439,-3.7071303
2018-05-31,28079038,0.3685483870967742,40.4455439,-3.7071303
2018-06-30,28079038,0.21736111111111112,40.4455439,-3.7071303
2018-07-31,28079038,0.16115591397849463,40.4455439,-3.7071303
2018-08-31,28079038,0.10362903225806452,40.4455439,-3.7071303
2018-09-30,28079038,0.2463888888888889,40.4455439,-3.7071303
2018-10-31,28079038,0.564247311827957,40.4455439,-3.7071303
2018-11-30,28079038,0.5140277777777779,40.4455439,-3.7071303
2018-12-31,28079038,1.1384408602150538,40.4455439,-3.7071303
2019-01-31,28079038,0.9977150537634408,40.4455439,-3.7071303
2019-02-28,28079038,0.852827380952381,40.4455439,-3.7071303
2019-03-31,28079038,0.4868279569892473,40.4455439,-3.7071303
2019-04-30,28079038,0.30277777777777776,40.4455439,-3.7071303
2019-05-31,28079038,0.2537634408602151,40.4455439,-3.7071303
2019-06-30,28079038,0.17680555555555558,40.4455439,-3.7071303
2019-07-31,28079038,0.13383742911153118,40.4455439,-3.7071303
2019-08-31,28079038,0.5670947030497593,40.4455439,-3.7071303
2019-09-30,28079038,0.4783333333333333,40.4455439,-3.7071303
2019-10-31,28079038,0.28750000000000003,40.4455439,-3.7071303
2019-11-30,28079038,0.3475,40.4455439,-3.7071303
2019-12-31,28079038,0.6200268817204301,40.4455439,-3.7071303
2020-01-31,28079038,0.5040322580645161,40.4455439,-3.7071303
2020-02-29,28079038,0.3847701149425288,40.4455439,-3.7071303
2020-03-31,28079038,0.2752688172043011,40.4455439,-3.7071303
2020-04-30,28079038,0.18444444444444447,40.4455439,-3.7071303
2020-05-31,28079038,0.19056865464632455,40.4455439,-3.7071303
2020-06-30,28079038,0.21668984700973576,40.4455439,-3.7071303
2020-07-31,28079038,0.20631720430107528,40.4455439,-3.7071303
2020-08-31,28079038,0.14139784946236558,40.4455439,-3.7071303
2020-09-30,28079038,0.24375,40.4455439,-3.7071303
2020-10-31,28079038,0.3354838709677419,40.4455439,-3.7071303
2020-11-30,28079038,0.44930555555555557,40.4455439,-3.7071303
2020-12-31,28079038,0.2506720430107527,40.4455439,-3.7071303
2021-01-31,28079038,0.2814516129032258,40.4455439,-3.7071303
2021-02-28,28079038,0.20833333333333334,40.4455439,-3.7071303
2021-03-31,28079038,0.285752688172043,40.4455439,-3.7071303
2021-04-30,28079038,0.26958333333333334,40.4455439,-3.7071303
2021-05-31,28079038,0.3127688172043011,40.4455439,-3.7071303
2021-06-30,28079038,0.29791666666666666,40.4455439,-3.7071303
2021-07-31,28079038,0.16088709677419355,40.4455439,-3.7071303
2021-08-31,28079038,0.11760752688172044,40.4455439,-3.7071303
2021-09-30,28079038,0.13541666666666666,40.4455439,-3.7071303
2021-10-31,28079038,0.5524193548387096,40.4455439,-3.7071303
2021-11-30,28079038,0.2,40.4455439,-3.7071303
2016-01-31,28079055,0.8629878869448183,40.4623628,-3.5805649
2016-02-29,28079055,0.6031609195402299,40.4623628,-3.5805649
2016-03-31,28079055,0.5025537634408602,40.4623628,-3.5805649
2016-04-30,28079055,0.3504166666666667,40.4623628,-3.5805649
2016-05-31,28079055,0.29193548387096774,40.4623628,-3.5805649
2016-06-30,28079055,0.24861111111111112,40.4623628,-3.5805649
2016-07-31,28079055,0.22459677419354837,40.4623628,-3.5805649
2016-08-31,28079055,0.25577956989247314,40.4623628,-3.5805649
2016-09-30,28079055,0.39291666666666664,40.4623628,-3.5805649
2016-10-31,28079055,0.591263440860215,40.4623628,-3.5805649
2016-11-30,28079055,0.7274999999999999,40.4623628,-3.5805649
2016-12-31,28079055,0.9709677419354839,40.4623628,-3.5805649
2017-01-31,28079055,0.7079301075268818,40.4623628,-3.5805649
2017-02-28,28079055,0.6485119047619048,40.4623628,-3.5805649
2017-03-31,28079055,0.6014784946236559,40.4623628,-3.5805649
2017-04-30,28079055,0.38692528735632187,40.4623628,-3.5805649
2017-05-31,28079055,0.42876344086021506,40.4623628,-3.5805649
2017-06-30,28079055,0.2401388888888889,40.4623628,-3.5805649
2017-07-31,28079055,0.3404569892473118,40.4623628,-3.5805649
2017-08-31,28079055,0.31478494623655917,40.4623628,-3.5805649
2017-09-30,28079055,0.46222222222222226,40.4623628,-3.5805649
2017-10-31,28079055,0.6004310344827586,40.4623628,-3.5805649
2017-11-30,28079055,0.8515277777777778,40.4623628,-3.5805649
2017-12-31,28079055,1.0518817204301076,40.4623628,-3.5805649
2018-01-31,28079055,0.7548387096774194,40.4623628,-3.5805649
2018-02-28,28079055,0.6211309523809524,40.4623628,-3.5805649
2018-03-31,28079055,0.43534946236559136,40.4623628,-3.5805649
2018-04-30,28079055,0.39208333333333334,40.4623628,-3.5805649
2018-05-31,28079055,0.26505376344086023,40.4623628,-3.5805649
2018-06-30,28079055,0.1986111111111111,40.4623628,-3.5805649
2018-07-31,28079055,0.19153225806451613,40.4623628,-3.5805649
2018-08-31,28079055,0.16182795698924732,40.4623628,-3.5805649
2018-09-30,28079055,0.2588888888888889,40.4623628,-3.5805649
2018-10-31,28079055,0.5174731182795699,40.4623628,-3.5805649
2018-11-30,28079055,0.40194444444444444,40.4623628,-3.5805649
2018-12-31,28079055,0.5521505376344086,40.4623628,-3.5805649
2019-01-31,28079055,0.37298387096774194,40.4623628,-3.5805649
2019-02-28,28079055,0.6345238095238095,40.4623628,-3.5805649
2019-03-31,28079055,0.5333333333333333,40.4623628,-3.5805649
2019-04-30,28079055,0.31722222222222224,40.4623628,-3.5805649
2019-05-31,28079055,0.2163978494623656,40.4623628,-3.5805649
2019-06-30,28079055,0.22541666666666668,40.4623628,-3.5805649
2019-07-31,28079055,0.2682795698924731,40.4623628,-3.5805649
2019-08-31,28079055,0.35551075268817206,40.4623628,-3.5805649
2019-09-30,28079055,0.2348611111111111,40.4623628,-3.5805649
2019-10-31,28079055,0.230374479889043,40.4623628,-3.5805649
2019-11-30,28079055,0.8362760834670947,40.4623628,-3.5805649
2019-12-31,28079055,0.8217741935483871,40.4623628,-3.5805649
2020-01-31,28079055,1.0873655913978495,40.4623628,-3.5805649
2020-02-29,28079055,0.6248563218390805,40.4623628,-3.5805649
2020-03-31,28079055,0.38185483870967746,40.4623628,-3.5805649
2020-04-30,28079055,0.24305555555555555,40.4623628,-3.5805649
2020-05-31,28079055,0.17258064516129032,40.4623628,-3.5805649
2020-06-30,28079055,0.11986111111111113,40.4623628,-3.5805649
2020-07-31,28079055,0.19623655913978494,40.4623628,-3.5805649
2020-08-31,28079055,0.2607142857142857,40.4623628,-3.5805649
2020-09-30,28079055,0.3104166666666667,40.4623628,-3.5805649
2020-10-31,28079055,0.4200268817204301,40.4623628,-3.5805649
2020-11-30,28079055,0.5626388888888889,40.4623628,-3.5805649
2020-12-31,28079055,0.3950268817204301,40.4623628,-3.5805649
2021-01-31,28079055,0.7873655913978495,40.4623628,-3.5805649
2021-02-28,28079055,0.4601190476190476,40.4623628,-3.5805649
2021-03-31,28079055,0.3041666666666667,40.4623628,-3.5805649
2021-04-30,28079055,0.19935897435897437,40.4623628,-3.5805649
2021-05-31,28079055,0.20416666666666666,40.4623628,-3.5805649
2021-06-30,28079055,0.130316091954023,40.4623628,-3.5805649
2021-07-31,28079055,0.1616935483870968,40.4623628,-3.5805649
2021-08-31,28079055,0.18911290322580648,40.4623628,-3.5805649
2021-09-30,28079055,0.21972222222222224,40.4623628,-3.5805649
2021-10-31,28079055,0.3536290322580645,40.4623628,-3.5805649
2021-11-30,28079055,0.4,40.4623628,-3.5805649
2016-01-31,28006004,0.61628532974428,40.5405,-3.64519444
2016-02-29,28006004,0.85,40.5405,-3.64519444
2016-03-31,28006004,0.8935483870967741,40.5405,-3.64519444
2016-04-30,28006004,0.5938888888888889,40.5405,-3.64519444
2016-05-31,28006004,0.7364247311827957,40.5405,-3.64519444
2016-06-30,28006004,1.4766666666666668,40.5405,-3.64519444
2016-07-31,28006004,0.5665322580645161,40.5405,-3.64519444
2016-08-31,28006004,0.8024193548387096,40.5405,-3.64519444
2016-09-30,28006004,0.39875000000000005,40.5405,-3.64519444
2016-10-31,28006004,0.5001344086021505,40.5405,-3.64519444
2016-11-30,28006004,0.8266666666666668,40.5405,-3.64519444
2016-12-31,28006004,0.6092741935483871,40.5405,-3.64519444
2017-01-31,28006004,0.9428763440860215,40.5405,-3.64519444
2017-02-28,28006004,0.8994047619047618,40.5405,-3.64519444
2017-03-31,28006004,0.42580645161290326,40.5405,-3.64519444
2017-04-30,28006004,0.6156944444444444,40.5405,-3.64519444
2017-05-31,28006004,3.321505376344086,40.5405,-3.64519444
2017-06-30,28006004,1.755,40.5405,-3.64519444
2017-07-31,28006004,1.5973118279569893,40.5405,-3.64519444
2017-08-31,28006004,0.5299731182795699,40.5405,-3.64519444
2017-09-30,28006004,0.7713888888888889,40.5405,-3.64519444
2017-10-31,28006004,2.147043010752688,40.5405,-3.64519444
2017-11-30,28006004,1.6897222222222221,40.5405,-3.64519444
2017-12-31,28006004,2.2690860215053763,40.5405,-3.64519444
2018-01-31,28006004,1.186021505376344,40.5405,-3.64519444
2018-02-28,28006004,0.6794642857142857,40.5405,-3.64519444
2018-03-31,28006004,0.9467741935483871,40.5405,-3.64519444
2018-04-30,28006004,0.6688888888888889,40.5405,-3.64519444
2018-05-31,28006004,0.7056451612903226,40.5405,-3.64519444
2018-06-30,28006004,1.012361111111111,40.5405,-3.64519444
2018-07-31,28006004,0.6762096774193548,40.5405,-3.64519444
2018-08-31,28006004,1.3650537634408602,40.5405,-3.64519444
2018-09-30,28006004,0.9029166666666667,40.5405,-3.64519444
2018-10-31,28006004,1.0572580645161291,40.5405,-3.64519444
2018-11-30,28006004,0.7898611111111111,40.5405,-3.64519444
2018-12-31,28006004,0.7831989247311829,40.5405,-3.64519444
2019-01-31,28006004,0.8483870967741937,40.5405,-3.64519444
2019-02-28,28006004,0.6473214285714286,40.5405,-3.64519444
2019-03-31,28006004,1.0364247311827957,40.5405,-3.64519444
2019-04-30,28006004,0.7905555555555556,40.5405,-3.64519444
2019-05-31,28006004,0.7044354838709678,40.5405,-3.64519444
2019-06-30,28006004,2.100277777777778,40.5405,-3.64519444
2019-07-31,28006004,0.846505376344086,40.5405,-3.64519444
2019-08-31,28006004,0.5379032258064516,40.5405,-3.64519444
2019-09-30,28006004,0.8963888888888889,40.5405,-3.64519444
2019-10-31,28006004,0.773252688172043,40.5405,-3.64519444
2019-11-30,28006004,0.8558333333333334,40.5405,-3.64519444
2019-12-31,28006004,1.5481182795698925,40.5405,-3.64519444
2020-01-31,28006004,1.190994623655914,40.5405,-3.64519444
2020-02-29,28006004,1.830603448275862,40.5405,-3.64519444
2020-03-31,28006004,1.0733870967741936,40.5405,-3.64519444
2020-04-30,28006004,0.9184722222222221,40.5405,-3.64519444
2020-05-31,28006004,0.894489247311828,40.5405,-3.64519444
2020-06-30,28006004,0.6170833333333333,40.5405,-3.64519444
2020-07-31,28006004,1.0166666666666666,40.5405,-3.64519444
2020-08-31,28006004,1.4584677419354837,40.5405,-3.64519444
2020-09-30,28006004,0.7383333333333334,40.5405,-3.64519444
2020-10-31,28006004,1.2111559139784946,40.5405,-3.64519444
2020-11-30,28006004,1.0804166666666666,40.5405,-3.64519444
2020-12-31,28006004,0.6939516129032257,40.5405,-3.64519444
2021-01-31,28006004,0.943010752688172,40.5405,-3.64519444
2021-02-28,28006004,0.9421130952380953,40.5405,-3.64519444
2021-03-31,28006004,0.8407258064516129,40.5405,-3.64519444
2021-04-30,28006004,0.6702777777777779,40.5405,-3.64519444
2021-05-31,28006004,1.2428763440860215,40.5405,-3.64519444
2021-06-30,28006004,0.7129166666666666,40.5405,-3.64519444
2021-07-31,28006004,0.7876344086021505,40.5405,-3.64519444
2021-08-31,28006004,1.0879032258064516,40.5405,-3.64519444
2021-09-30,28006004,0.4898611111111111,40.5405,-3.64519444
2021-10-31,28006004,0.8356182795698925,40.5405,-3.64519444
2021-11-30,28006004,0.1,40.5405,-3.64519444
2016-01-31,28016001,0.6029609690444145,40.90905556,-3.46788889
2016-02-29,28016001,1.2662356321839079,40.90905556,-3.46788889
2016-03-31,28016001,0.8008064516129032,40.90905556,-3.46788889
2016-04-30,28016001,0.9145833333333333,40.90905556,-3.46788889
2016-05-31,28016001,6.07459584295612,40.90905556,-3.46788889
2016-06-30,28016001,17.26358208955224,40.90905556,-3.46788889
2016-07-31,28016001,0.2006720430107527,40.90905556,-3.46788889
2016-08-31,28016001,0.15228494623655914,40.90905556,-3.46788889
2016-09-30,28016001,0.1,40.90905556,-3.46788889
2016-10-31,28016001,0.148252688172043,40.90905556,-3.46788889
2016-11-30,28016001,0.1,40.90905556,-3.46788889
2016-12-31,28016001,0.21411290322580648,40.90905556,-3.46788889
2017-01-31,28016001,0.8002688172043011,40.90905556,-3.46788889
2017-02-28,28016001,0.4197916666666667,40.90905556,-3.46788889
2017-03-31,28016001,0.5913978494623656,40.90905556,-3.46788889
2017-04-30,28016001,0.58375,40.90905556,-3.46788889
2017-05-31,28016001,1.6571236559139786,40.90905556,-3.46788889
2017-06-30,28016001,0.8076388888888889,40.90905556,-3.46788889
2017-07-31,28016001,1.4579301075268818,40.90905556,-3.46788889
2017-08-31,28016001,0.22903225806451613,40.90905556,-3.46788889
2017-09-30,28016001,0.9025,40.90905556,-3.46788889
2017-10-31,28016001,0.29986559139784946,40.90905556,-3.46788889
2017-11-30,28016001,0.22958333333333336,40.90905556,-3.46788889
2017-12-31,28016001,1.2416666666666667,40.90905556,-3.46788889
2018-01-31,28016001,0.37056451612903224,40.90905556,-3.46788889
2018-02-28,28016001,0.33497023809523807,40.90905556,-3.46788889
2018-03-31,28016001,2.35752688172043,40.90905556,-3.46788889
2018-04-30,28016001,0.32305555555555554,40.90905556,-3.46788889
2018-05-31,28016001,0.4653225806451613,40.90905556,-3.46788889
2018-06-30,28016001,1.436388888888889,40.90905556,-3.46788889
2018-07-31,28016001,1.215725806451613,40.90905556,-3.46788889
2018-08-31,28016001,0.4274193548387097,40.90905556,-3.46788889
2018-09-30,28016001,2.7270833333333333,40.90905556,-3.46788889
2018-10-31,28016001,0.28521505376344086,40.90905556,-3.46788889
2018-11-30,28016001,1.0551388888888888,40.90905556,-3.46788889
2018-12-31,28016001,0.45,40.90905556,-3.46788889
2019-01-31,28016001,2.011559139784946,40.90905556,-3.46788889
2019-02-28,28016001,0.6760416666666667,40.90905556,-3.46788889
2019-03-31,28016001,0.46854838709677415,40.90905556,-3.46788889
2019-04-30,28016001,0.8316666666666666,40.90905556,-3.46788889
2019-05-31,28016001,0.48884408602150536,40.90905556,-3.46788889
2019-06-30,28016001,1.9305555555555556,40.90905556,-3.46788889
2019-07-31,28016001,0.6506720430107527,40.90905556,-3.46788889
2019-08-31,28016001,0.6092741935483871,40.90905556,-3.46788889
2019-09-30,28016001,1.2641666666666667,40.90905556,-3.46788889
2019-10-31,28016001,0.8736559139784946,40.90905556,-3.46788889
2019-11-30,28016001,1.9575,40.90905556,-3.46788889
2019-12-31,28016001,2.208064516129032,40.90905556,-3.46788889
2020-01-31,28016001,0.5278225806451613,40.90905556,-3.46788889
2020-02-29,28016001,0.9501436781609195,40.90905556,-3.46788889
2020-03-31,28016001,1.219220430107527,40.90905556,-3.46788889
2020-04-30,28016001,0.7451388888888889,40.90905556,-3.46788889
2020-05-31,28016001,1.249462365591398,40.90905556,-3.46788889
2020-06-30,28016001,0.7969444444444443,40.90905556,-3.46788889
2020-07-31,28016001,1.0077956989247312,40.90905556,-3.46788889
2020-08-31,28016001,0.9092741935483871,40.90905556,-3.46788889
2020-09-30,28016001,0.6779166666666667,40.90905556,-3.46788889
2020-10-31,28016001,1.0244623655913978,40.90905556,-3.46788889
2020-11-30,28016001,0.7966666666666667,40.90905556,-3.46788889
2020-12-31,28016001,0.4868279569892473,40.90905556,-3.46788889
2021-01-31,28016001,0.4290322580645161,40.90905556,-3.46788889
2021-02-28,28016001,1.698065476190476,40.90905556,-3.46788889
2021-03-31,28016001,0.5931451612903226,40.90905556,-3.46788889
2021-04-30,28016001,0.58875,40.90905556,-3.46788889
2021-05-31,28016001,1.567741935483871,40.90905556,-3.46788889
2021-06-30,28016001,1.0155555555555555,40.90905556,-3.46788889
2021-07-31,28016001,0.36626344086021506,40.90905556,-3.46788889
2021-08-31,28016001,1.1012096774193547,40.90905556,-3.46788889
2021-09-30,28016001,0.8244444444444444,40.90905556,-3.46788889
2021-10-31,28016001,1.2865591397849463,40.90905556,-3.46788889
2021-11-30,28016001,0.1,40.90905556,-3.46788889
2016-01-31,28047002,3.0769851951547778,40.63311111,-4.01419444
2016-02-29,28047002,2.4698275862068964,40.63311111,-4.01419444
2016-03-31,28047002,3.0443548387096775,40.63311111,-4.01419444
2016-04-30,28047002,1.5243055555555556,40.63311111,-4.01419444
2016-05-31,28047002,1.1306451612903226,40.63311111,-4.01419444
2016-06-30,28047002,1.85375,40.63311111,-4.01419444
2016-07-31,28047002,1.1381720430107527,40.63311111,-4.01419444
2016-08-31,28047002,1.3219086021505377,40.63311111,-4.01419444
2016-09-30,28047002,1.2113888888888888,40.63311111,-4.01419444
2016-10-31,28047002,2.331182795698925,40.63311111,-4.01419444
2016-11-30,28047002,2.5340277777777778,40.63311111,-4.01419444
2016-12-31,28047002,3.472043010752688,40.63311111,-4.01419444
2017-01-31,28047002,3.386021505376344,40.63311111,-4.01419444
2017-02-28,28047002,2.4922619047619046,40.63311111,-4.01419444
2017-03-31,28047002,2.618279569892473,40.63311111,-4.01419444
2017-04-30,28047002,1.34125,40.63311111,-4.01419444
2017-05-31,28047002,0.8931451612903226,40.63311111,-4.01419444
2017-06-30,28047002,1.27,40.63311111,-4.01419444
2017-07-31,28047002,2.3766129032258063,40.63311111,-4.01419444
2017-08-31,28047002,4.18991935483871,40.63311111,-4.01419444
2017-09-30,28047002,0.9991666666666666,40.63311111,-4.01419444
2017-10-31,28047002,1.4845430107526882,40.63311111,-4.01419444
2017-11-30,28047002,1.767638888888889,40.63311111,-4.01419444
2017-12-31,28047002,1.7977150537634408,40.63311111,-4.01419444
2018-01-31,28047002,2.523521505376344,40.63311111,-4.01419444
2018-02-28,28047002,2.1592261904761907,40.63311111,-4.01419444
2018-03-31,28047002,0.630510752688172,40.63311111,-4.01419444
2018-04-30,28047002,1.0920833333333333,40.63311111,-4.01419444
2018-05-31,28047002,0.7255376344086022,40.63311111,-4.01419444
2018-06-30,28047002,0.8929166666666666,40.63311111,-4.01419444
2018-07-31,28047002,1.0701612903225808,40.63311111,-4.01419444
2018-08-31,28047002,0.8041666666666666,40.63311111,-4.01419444
2018-09-30,28047002,1.2997222222222222,40.63311111,-4.01419444
2018-10-31,28047002,0.9627688172043012,40.63311111,-4.01419444
2018-11-30,28047002,1.3194444444444444,40.63311111,-4.01419444
2018-12-31,28047002,1.5634408602150538,40.63311111,-4.01419444
2019-01-31,28047002,1.0120967741935485,40.63311111,-4.01419444
2019-02-28,28047002,0.6586309523809524,40.63311111,-4.01419444
2019-03-31,28047002,0.8811827956989248,40.63311111,-4.01419444
2019-04-30,28047002,0.6849999999999999,40.63311111,-4.01419444
2019-05-31,28047002,0.4172043010752688,40.63311111,-4.01419444
2019-06-30,28047002,2.0993055555555555,40.63311111,-4.01419444
2019-07-31,28047002,1.7880376344086022,40.63311111,-4.01419444
2019-08-31,28047002,0.9766129032258065,40.63311111,-4.01419444
2019-09-30,28047002,0.61625,40.63311111,-4.01419444
2019-10-31,28047002,1.1630376344086022,40.63311111,-4.01419444
2019-11-30,28047002,1.7149999999999999,40.63311111,-4.01419444
2019-12-31,28047002,1.7915322580645163,40.63311111,-4.01419444
2020-01-31,28047002,2.033736559139785,40.63311111,-4.01419444
2020-02-29,28047002,1.3527298850574712,40.63311111,-4.01419444
2020-03-31,28047002,0.792741935483871,40.63311111,-4.01419444
2020-04-30,28047002,2.42,40.63311111,-4.01419444
2020-05-31,28047002,0.9009408602150537,40.63311111,-4.01419444
2020-06-30,28047002,0.7215277777777778,40.63311111,-4.01419444
2020-07-31,28047002,2.044489247311828,40.63311111,-4.01419444
2020-08-31,28047002,0.8456989247311829,40.63311111,-4.01419444
2020-09-30,28047002,1.0175,40.63311111,-4.01419444
2020-10-31,28047002,1.2884408602150539,40.63311111,-4.01419444
2020-11-30,28047002,1.9006944444444445,40.63311111,-4.01419444
2020-12-31,28047002,0.7314516129032259,40.63311111,-4.01419444
2021-01-31,28047002,2.2233870967741938,40.63311111,-4.01419444
2021-02-28,28047002,1.1369047619047619,40.63311111,-4.01419444
2021-03-31,28047002,0.7880376344086021,40.63311111,-4.01419444
2021-04-30,28047002,0.9865277777777777,40.63311111,-4.01419444
2021-05-31,28047002,1.5469086021505378,40.63311111,-4.01419444
2021-06-30,28047002,0.7894444444444444,40.63311111,-4.01419444
2021-07-31,28047002,0.7801075268817204,40.63311111,-4.01419444
2021-08-31,28047002,1.1801075268817205,40.63311111,-4.01419444
2021-09-30,28047002,1.05,40.63311111,-4.01419444
2021-10-31,28047002,1.3366935483870968,40.63311111,-4.01419444
2021-11-30,28047002,0.4,40.63311111,-4.01419444
2016-01-31,28058004,2.524091520861373,40.28152778,-3.80094444
2016-02-29,28058004,2.1376436781609196,40.28152778,-3.80094444
2016-03-31,28058004,2.0376344086021505,40.28152778,-3.80094444
2016-04-30,28058004,4.410833333333334,40.28152778,-3.80094444
2016-05-31,28058004,1.7088709677419356,40.28152778,-3.80094444
2016-06-30,28058004,1.3690277777777777,40.28152778,-3.80094444
2016-07-31,28058004,1.488037634408602,40.28152778,-3.80094444
2016-08-31,28058004,0.8333333333333334,40.28152778,-3.80094444
2016-09-30,28058004,2.425,40.28152778,-3.80094444
2016-10-31,28058004,1.636021505376344,40.28152778,-3.80094444
2016-11-30,28058004,1.995972222222222,40.28152778,-3.80094444
2016-12-31,28058004,3.1751344086021507,40.28152778,-3.80094444
2017-01-31,28058004,3.101478494623656,40.28152778,-3.80094444
2017-02-28,28058004,1.8450892857142858,40.28152778,-3.80094444
2017-03-31,28058004,2.0446236559139788,40.28152778,-3.80094444
2017-04-30,28058004,2.8144444444444447,40.28152778,-3.80094444
2017-05-31,28058004,2.4368279569892475,40.28152778,-3.80094444
2017-06-30,28058004,2.9841666666666664,40.28152778,-3.80094444
2017-07-31,28058004,0.8875,40.28152778,-3.80094444
2017-08-31,28058004,1.3025537634408602,40.28152778,-3.80094444
2017-09-30,28058004,0.88625,40.28152778,-3.80094444
2017-10-31,28058004,0.8936827956989247,40.28152778,-3.80094444
2017-11-30,28058004,2.0769444444444445,40.28152778,-3.80094444
2017-12-31,28058004,1.3600806451612903,40.28152778,-3.80094444
2018-01-31,28058004,1.1141129032258064,40.28152778,-3.80094444
2018-02-28,28058004,1.002529761904762,40.28152778,-3.80094444
2018-03-31,28058004,3.118010752688172,40.28152778,-3.80094444
2018-04-30,28058004,0.6211111111111111,40.28152778,-3.80094444
2018-05-31,28058004,0.5931451612903226,40.28152778,-3.80094444
2018-06-30,28058004,1.0884722222222223,40.28152778,-3.80094444
2018-07-31,28058004,0.6905913978494623,40.28152778,-3.80094444
2018-08-31,28058004,1.250268817204301,40.28152778,-3.80094444
2018-09-30,28058004,1.331388888888889,40.28152778,-3.80094444
2018-10-31,28058004,2.14502688172043,40.28152778,-3.80094444
2018-11-30,28058004,2.8513888888888888,40.28152778,-3.80094444
2018-12-31,28058004,1.9262096774193547,40.28152778,-3.80094444
2019-01-31,28058004,1.4725806451612902,40.28152778,-3.80094444
2019-02-28,28058004,4.925892857142857,40.28152778,-3.80094444
2019-03-31,28058004,1.860752688172043,40.28152778,-3.80094444
2019-04-30,28058004,0.6355555555555555,40.28152778,-3.80094444
2019-05-31,28058004,1.4776881720430108,40.28152778,-3.80094444
2019-06-30,28058004,0.7,40.28152778,-3.80094444
2019-07-31,28058004,0.46303763440860213,40.28152778,-3.80094444
2019-08-31,28058004,0.43051075268817207,40.28152778,-3.80094444
2019-09-30,28058004,1.5818055555555557,40.28152778,-3.80094444
2019-10-31,28058004,1.112768817204301,40.28152778,-3.80094444
2019-11-30,28058004,0.9175,40.28152778,-3.80094444
2019-12-31,28058004,1.2584677419354837,40.28152778,-3.80094444
2020-01-31,28058004,2.382258064516129,40.28152778,-3.80094444
2020-02-29,28058004,1.2560344827586207,40.28152778,-3.80094444
2020-03-31,28058004,1.719758064516129,40.28152778,-3.80094444
2020-04-30,28058004,0.49569444444444444,40.28152778,-3.80094444
2020-05-31,28058004,1.469489247311828,40.28152778,-3.80094444
2020-06-30,28058004,0.8679166666666667,40.28152778,-3.80094444
2020-07-31,28058004,1.3284946236559139,40.28152778,-3.80094444
2020-08-31,28058004,1.3775537634408603,40.28152778,-3.80094444
2020-09-30,28058004,1.0245833333333334,40.28152778,-3.80094444
2020-10-31,28058004,0.9689516129032257,40.28152778,-3.80094444
2020-11-30,28058004,0.99875,40.28152778,-3.80094444
2020-12-31,28058004,0.7120967741935483,40.28152778,-3.80094444
2021-01-31,28058004,0.9583333333333334,40.28152778,-3.80094444
2021-02-28,28058004,1.3922619047619047,40.28152778,-3.80094444
2021-03-31,28058004,1.4545698924731183,40.28152778,-3.80094444
2021-04-30,28058004,1.4705555555555554,40.28152778,-3.80094444
2021-05-31,28058004,0.932258064516129,40.28152778,-3.80094444
2021-06-30,28058004,0.63125,40.28152778,-3.80094444
2021-07-31,28058004,1.9276881720430108,40.28152778,-3.80094444
2021-08-31,28058004,0.6987903225806451,40.28152778,-3.80094444
2021-09-30,28058004,1.2590277777777779,40.28152778,-3.80094444
2021-10-31,28058004,0.8904569892473119,40.28152778,-3.80094444
2021-11-30,28058004,0.1,40.28152778,-3.80094444
2016-01-31,28120001,,40.82511111,-3.96119444
2016-02-29,28120001,,40.82511111,-3.96119444
2016-03-31,28120001,,40.82511111,-3.96119444
2016-04-30,28120001,,40.82511111,-3.96119444
2016-05-31,28120001,,40.82511111,-3.96119444
2016-06-30,28120001,,40.82511111,-3.96119444
2016-07-31,28120001,,40.82511111,-3.96119444
2016-08-31,28120001,,40.82511111,-3.96119444
2016-09-30,28120001,,40.82511111,-3.96119444
2016-10-31,28120001,,40.82511111,-3.96119444
2016-11-30,28120001,,40.82511111,-3.96119444
2016-12-31,28120001,,40.82511111,-3.96119444
2017-01-31,28120001,,40.82511111,-3.96119444
2017-02-28,28120001,,40.82511111,-3.96119444
2017-03-31,28120001,,40.82511111,-3.96119444
2017-04-30,28120001,,40.82511111,-3.96119444
2017-05-31,28120001,,40.82511111,-3.96119444
2017-06-30,28120001,,40.82511111,-3.96119444
2017-07-31,28120001,,40.82511111,-3.96119444
2017-08-31,28120001,,40.82511111,-3.96119444
2017-09-30,28120001,,40.82511111,-3.96119444
2017-10-31,28120001,,40.82511111,-3.96119444
2017-11-30,28120001,,40.82511111,-3.96119444
2017-12-31,28120001,,40.82511111,-3.96119444
2018-01-31,28120001,,40.82511111,-3.96119444
2018-02-28,28120001,,40.82511111,-3.96119444
2018-03-31,28120001,,40.82511111,-3.96119444
2018-04-30,28120001,,40.82511111,-3.96119444
2018-05-31,28120001,,40.82511111,-3.96119444
2018-06-30,28120001,,40.82511111,-3.96119444
2018-07-31,28120001,,40.82511111,-3.96119444
2018-08-31,28120001,,40.82511111,-3.96119444
2018-09-30,28120001,,40.82511111,-3.96119444
2018-10-31,28120001,,40.82511111,-3.96119444
2018-11-30,28120001,,40.82511111,-3.96119444
2018-12-31,28120001,54.38139534883721,40.82511111,-3.96119444
2019-01-31,28120001,56.0,40.82511111,-3.96119444
2019-02-28,28120001,,40.82511111,-3.96119444
2019-03-31,28120001,,40.82511111,-3.96119444
2019-04-30,28120001,,40.82511111,-3.96119444
2019-05-31,28120001,,40.82511111,-3.96119444
2019-06-30,28120001,,40.82511111,-3.96119444
2019-07-31,28120001,,40.82511111,-3.96119444
2019-08-31,28120001,,40.82511111,-3.96119444
2019-09-30,28120001,,40.82511111,-3.96119444
2019-10-31,28120001,,40.82511111,-3.96119444
2019-11-30,28120001,,40.82511111,-3.96119444
2019-12-31,28120001,,40.82511111,-3.96119444
2020-01-31,28120001,,40.82511111,-3.96119444
2020-02-29,28120001,,40.82511111,-3.96119444
2020-03-31,28120001,,40.82511111,-3.96119444
2020-04-30,28120001,,40.82511111,-3.96119444
2020-05-31,28120001,,40.82511111,-3.96119444
2020-06-30,28120001,,40.82511111,-3.96119444
2020-07-31,28120001,,40.82511111,-3.96119444
2020-08-31,28120001,,40.82511111,-3.96119444
2020-09-30,28120001,,40.82511111,-3.96119444
2020-10-31,28120001,,40.82511111,-3.96119444
2020-11-30,28120001,,40.82511111,-3.96119444
2020-12-31,28120001,,40.82511111,-3.96119444
2021-01-31,28120001,,40.82511111,-3.96119444
2021-02-28,28120001,,40.82511111,-3.96119444
2021-03-31,28120001,,40.82511111,-3.96119444
2021-04-30,28120001,,40.82511111,-3.96119444
2021-05-31,28120001,,40.82511111,-3.96119444
2021-06-30,28120001,,40.82511111,-3.96119444
2021-07-31,28120001,,40.82511111,-3.96119444
2021-08-31,28120001,,40.82511111,-3.96119444
2021-09-30,28120001,,40.82511111,-3.96119444
2021-10-31,28120001,,40.82511111,-3.96119444
2021-11-30,28120001,,40.82511111,-3.96119444
